jp_name	cn_name	en_name	gender	aliases
マシュ・キリエライト	玛修·基列莱特	Mash Kyrielight	女性	マシュキリエライト
マシュ	玛修	Mash	女性	
アルトリア・ペンドラゴン	阿尔托莉雅·潘德拉贡	Altria Pendragon	女性	アルトリアペンドラゴン
アルトリア・オルタ	阿尔托莉雅·Alter	Altria Alter	女性	アルトリアオルタ
サンタオルタ	圣诞Alter	Santa Alter	女性	
ネロ・クラウディウス	尼禄·克劳狄乌斯	Nero Claudius	女性	ネロクラウディウス
ジークフリート	齐格飞	Siegfried	男性	
ガイウス・ユリウス・カエサル	盖乌斯·尤利乌斯·恺撒	Gaius Julius Caesar	男性	ガイウスユリウスカエサル
アルテラ	阿蒂拉	Altera	女性	
アルテラサンタ	阿蒂拉圣诞	Attila the San(ta)	女性	
ジル・ド・レェ	吉尔·德·雷	Gilles de Rais	男性	ジルドレェ
シュヴァリエ・デオン	骑士迪昂	Chevalier d'Eon	性別不明	シュヴァリエデオン
エミヤ	卫宫	Emiya	男性	
ギルガメッシュ	吉尔伽美什	Gilgamesh	男性	
ロビンフッド	罗宾汉	Robin Hood	男性	
アタランテ	阿塔兰忒	Atalante	女性	
エウリュアレ	尤瑞艾莉	Euryale	女性	
アーラシュ	阿拉什	Arash	男性	
クー・フーリン	库·丘林	Cú Chulainn	男性	クーフーリン
エリザベート・バートリー	伊丽莎白·巴托里	Elisabeth Báthory	女性	エリザベートバートリー
武蔵坊弁慶	武藏坊弁庆	Musashibou Benkei	男性	
レオニダス一世	列奥尼达一世	Leonidas I	男性	
ロムルス	罗穆路斯	Romulus	男性	
メドゥーサ	美杜莎	Medusa	女性	
ゲオルギウス	乔尔乔斯	Georgios	男性	
エドワード・ティーチ	爱德华·蒂奇	Edward Teach	男性	エドワードティーチ
ブーディカ	布狄卡	Boudica	女性	
牛若丸	牛若丸	Ushiwakamaru	女性	
アレキサンダー	亚历山大	Alexander	男性	
マリー・アントワネット	玛丽·安托瓦内特	Marie Antoinette	女性	マリーアントワネット
マルタ	玛尔达	Martha	女性	
サンタマルタ	圣诞玛尔达	Martha Santa	女性	
メディア	美狄亚	Medea	女性	
ハンス・クリスチャン・アンデルセン	汉斯·克里斯蒂安·安徒生	Hans Christian Andersen	男性	ハンスクリスチャンアンデルセン
ウィリアム・シェイクスピア	威廉·莎士比亚	William Shakespeare	男性	ウィリアムシェイクスピア
メフィストフェレス	梅菲斯托费勒斯	Mephistopheles	男性	
ヴォルフガング・アマデウス・モーツァルト	沃尔夫冈·阿马德乌斯·莫扎特	Wolfgang Amadeus Mozart	男性	ヴォルフガングアマデウスモーツァルト
諸葛孔明	诸葛孔明	Zhuge Liang	男性	
エルメロイⅡ世	埃尔梅罗Ⅱ世	Lord El-Melloi II	男性	エルメロイ1世,エルメロイII世,エルメロイI世,エルメロイ11世
佐々木小次郎	佐佐木小次郎	Sasaki Kojirou	男性	
呪腕のハサン	咒腕哈桑	Hassan of the Cursed Arm	男性	
ステンノ	斯忒诺	Stheno	女性	
荊軻	荆轲	Jing Ke	女性	
シャルル＝アンリ・サンソン	夏尔·亨利·桑松	Charles-Henri Sanson	男性	シャルル=アンリ・サンソン,シャルル＝アンリサンソン
ファントム・オブ・ジ・オペラ	剧院魅影	Phantom of the Opera	男性	ファントムオブジオペラ
マタ・ハリ	玛塔·哈丽	Mata Hari	女性	マタハリ
カーミラ	卡米拉	Carmilla	女性	
ヘラクレス	赫拉克勒斯	Heracles	男性	
ランスロット	兰斯洛特	Lancelot	男性	
呂布奉先	吕布奉先	Lu Bu Fengxian	男性	
スパルタクス	斯巴达克斯	Spartacus	男性	
坂田金時	坂田金时	Sakata Kintoki	男性	
ヴラド三世	弗拉德三世	Vlad III	男性	
アステリオス	阿斯忒里俄斯	Asterios	男性	
カリギュラ	卡利古拉	Caligula	男性	
ダレイオス三世	大流士三世	Darius III	男性	
清姫	清姬	Kiyohime	女性	
エイリーク・ブラッドアクス	血斧埃里克	Eric Bloodaxe	男性	エイリークブラッドアクス
タマモキャット	玉藻猫	Tamamo Cat	女性	
ジャンヌ・ダルク	贞德	Jeanne d'Arc	女性	ジャンヌダルク
オリオン	俄里翁	Orion	男性	
玉藻の前	玉藻前	Tamamo-no-Mae	女性	
ダビデ	大卫	David	男性	
ヘクトール	赫克托耳	Hektor	男性	
フランシス・ドレイク	弗朗西斯·德雷克	Francis Drake	女性	フランシスドレイク
アン・ボニー	安妮·伯妮	Anne Bonny	女性	アンボニー
メアリー・リード	玛莉·瑞德	Mary Read	女性	メアリーリード
沖田総司	冲田总司	Okita Souji	女性	
織田信長	织田信长	Oda Nobunaga	女性	
スカサハ	斯卡哈	Scáthach	女性	
ディルムッド・オディナ	迪尔姆德·奥迪那	Diarmuid Ua Duibhne	男性	ディルムッドオディナ
フェルグス・マック・ロイ	弗格斯·马克·罗伊	Fergus mac Róich	男性	フェルグスマックロイ
ナーサリー・ライム	童谣	Nursery Rhyme	女性	ナーサリーライム
ジャック・ザ・リッパー	开膛手杰克	Jack the Ripper	女性	ジャックザリッパー
モードレッド	莫德雷德	Mordred	女性	
ニコラ・テスラ	尼古拉·特斯拉	Nikola Tesla	男性	ニコラテスラ
ヴァン・ホーエンハイム・パラケルスス	冯·霍恩海姆·帕拉塞尔苏斯	Paracelsus von Hohenheim	男性	ヴァンホーエンハイムパラケルスス
チャールズ・バベッジ	查尔斯·巴贝奇	Charles Babbage	男性	チャールズバベッジ
ヘンリー・ジキル	亨利·杰基尔	Henry Jekyll	男性	ヘンリージキル
ハイド	海德	Hyde	男性	
フランケンシュタイン	弗兰肯斯坦	Frankenstein	女性	
ソロモン	所罗门	Solomon	男性	
アルジュナ	阿周那	Arjuna	男性	
カルナ	迦尔纳	Karna	男性	
サンタカルナ	圣诞迦尔纳	Santa Karna	男性	
謎のヒロインX	谜之女主角X	Mysterious Heroine X	女性	
フィン・マックール	芬恩·麦克库尔	Fionn mac Cumhaill	男性	フィンマックール
ブリュンヒルデ	布伦希尔德	Brynhild	女性	
ベオウルフ	贝奥武夫	Beowulf	男性	
両儀式	两仪式	Ryougi Shiki	女性	
天草四郎	天草四郎	Amakusa Shirou	男性	
アストルフォ	阿斯托尔福	Astolfo	性別不明	
子ギル	幼吉尔	Gilgamesh (Child)	男性	
巌窟王	岩窟王	Edmond Dantès	男性	
ナイチンゲール	南丁格尔	Florence Nightingale	女性	
ナイチンゲール・サンタ	南丁格尔·圣诞	Florence Nightingale Santa	女性	ナイチンゲールサンタ
クー・フーリン・オルタ	库·丘林·Alter	Cú Chulainn Alter	男性	クーフーリンオルタ
女王メイヴ	女王梅芙	Queen Medb	女性	
エレナ・ブラヴァツキー	海伦娜·布拉瓦茨基	Helena Blavatsky	女性	エレナブラヴァツキー
ラーマ	罗摩	Rama	男性	
李書文	李书文	Li Shuwen	男性	
トーマス・エジソン	托马斯·爱迪生	Thomas Edison	男性	トーマスエジソン
ジェロニモ	杰罗尼莫	Geronimo	男性	
ビリー・ザ・キッド	比利小子	Billy the Kid	男性	ビリーザキッド
ジャンヌ・オルタ	贞德·Alter	Jeanne Alter	女性	ジャンヌオルタ
アンリマユ	安哥拉曼纽	Aŋra Mainiiu	男性	
イスカンダル	伊斯坎达尔	Iskandar	男性	
百貌のハサン	百貌哈桑	Hassan of the Hundred Personas	女性	
アイリスフィール	爱丽丝菲尔	Irisviel	女性	
天の衣	天之衣	Dress of Heaven	女性	
酒呑童子	酒吞童子	Shuten-Douji	女性	
玄奘三蔵	玄奘三藏	Xuanzang Sanzang	女性	
源頼光	源赖光	Minamoto-no-Raikou	女性	
茨木童子	茨木童子	Ibaraki-Douji	女性	
風魔小太郎	风魔小太郎	Fuuma Kotarou	男性	
オジマンディアス	奥斯曼狄斯	Ozymandias	男性	
ニトクリス	尼托克丽丝	Nitocris	女性	
トリスタン	崔斯坦	Tristan	男性	
ガウェイン	高文	Gawain	男性	
静謐のハサン	静谧哈桑	Hassan of the Serenity	女性	
俵藤太	俵藤太	Tawara Touta	男性	
ベディヴィエール	贝德维尔	Bedivere	男性	
レオナルド・ダ・ヴィンチ	莱昂纳多·达·芬奇	Leonardo da Vinci	女性	レオナルドダヴィンチ
イリヤスフィール・フォン・アインツベルン	伊莉雅丝菲尔·冯·爱因兹贝伦	Illyasviel von Einzbern	女性	イリヤスフィールフォンアインツベルン
クロエ・フォン・アインツベルン	克洛伊·冯·爱因兹贝伦	Chloe von Einzbern	女性	クロエフォンアインツベルン
クレオパトラ	克娄巴特拉	Cleopatra	女性	
ジャンヌ・オルタ・サンタ・リリィ	贞德·Alter·圣诞·Lily	Jeanne d'Arc Alter Santa Lily	女性	ジャンヌオルタサンタリリィ
イシュタル	伊什塔尔	Ishtar	女性	
エルキドゥ	恩奇都	Enkidu	性別不明	
ケツァル・コアトル	魁札尔·科亚特尔	Quetzalcoatl	女性	ケツァルコアトル
ケツァル・コアトル・サンバ・サンタ	魁札尔·科亚特尔·桑巴·圣诞	Quetzalcoatl (Samba/Santa)	女性	ケツァルコアトルサンバサンタ
ゴルゴーン	戈耳工	Gorgon	女性	
ジャガーマン	豹人	Jaguar Warrior	女性	
ティアマト	提亚马特	Tiamat	女性	
マーリン	梅林	Merlin	男性	
ゲーティア	盖提亚	Goetia	男性	
宮本武蔵	宫本武藏	Miyamoto Musashi	女性	
“山の翁”	“山中老人”	First Hassan	男性	
謎のヒロインＸ・オルタ	谜之女主角X·Alter	Mysterious Heroine X (Alter)	女性	謎のヒロインXオルタ
新宿	新宿	Shinjuku	男性	
エミヤ・オルタ	卫宫·Alter	Emiya Alter	男性	エミヤオルタ
アーサー・ペンドラゴン	亚瑟·潘德拉贡	Arthur Pendragon	男性	アーサーペンドラゴン
土方歳三	土方岁三	Hijikata Toshizo	男性	
茶々	茶茶	Chacha	女性	
メルトリリス	Meltryllis	Meltryllis	女性	
メルト	Melt	Melt	女性	
パッションリップ	Passionlip	Passionlip	女性	
鈴鹿御前	铃鹿御前	Suzuka Gozen	女性	
ＢＢ	BB	BB	女性	BB
殺生院キアラ	杀生院祈荒	Sessyoin Kiara	女性	
ビーストⅢ／R	BeastⅢ/R	Beast III/R	女性	ビーストIII/R
不夜城	不夜城	Nightless City	女性	
エルドラド	黄金国	El Dorado	女性	
レジスタンス	反抗军	Resistance	男性	
シャーロック・ホームズ	夏洛克·福尔摩斯	Sherlock Holmes	男性	シャーロックホームズ
ポール・バニヤン	保罗·班扬	Paul Bunyan	女性	ポールバニヤン
パールヴァティー	帕尔瓦蒂	Pārvatī	女性	
インフェルノ	Inferno	Inferno	女性	
パライソ	Paraiso	Paraiso	女性	
宝蔵院胤舜	宝藏院胤舜	Houzouin Inshun	男性	
柳生但馬守宗矩	柳生但马守宗矩	Yagyu Tajima-no-kami Munenori	男性	
加藤段蔵	加藤段藏	Katou Danzo	女性	
刑部姫	刑部姬	Osakabehime	女性	
メカエリチャン	机械伊丽亲	Mecha Eli-chan	女性	
メカエリチャンⅡ号機	机械伊丽亲Ⅱ号机	Mecha Eli-chan Mk.II	女性	メカエリチャンII号機,メカエリチャンI号機,メカエリチャン11号機,メカエリチャン1号機
オケアノス	俄刻阿诺斯	Okeanos	女性	
哪吒	哪吒	Nezha	女性	
ミドラーシュ	米德拉什	Midrash	女性	
アビゲイル・ウィリアムズ	阿比盖尔·威廉姆斯	Abigail Williams	女性	アビゲイルウィリアムズ
アビゲイル・サンタ	阿比盖尔·圣诞	Abigail Williams (Santa)	女性	アビゲイルサンタ
エレシュキガル	埃列什基伽勒	Ereshkigal	女性	
エレシュキガル・オルタ	埃列什基伽勒·Alter	Ereshkigal Alter	女性	
ニンキガル	宁基伽勒	Ninkigal	女性	
葛飾北斎	葛饰北斋	Katsushika Hokusai	女性	
セミラミス	塞弥拉弥斯	Semiramis	女性	
浅上藤乃	浅上藤乃	Asagami Fujino	女性	
アナスタシア・ニコラエヴナ・ロマノヴァ	阿纳斯塔西娅·尼古拉耶芙娜·罗曼诺娃	Anastasia Nikolaevna Romanova	女性	アナスタシアニコラエヴナロマノヴァ
アタランテ・オルタ	阿塔兰忒·Alter	Atalante Alter	女性	アタランテオルタ
アヴィケブロン	阿维斯布隆	Avicebron	男性	
アントニオ・サリエリ	安东尼奥·萨列里	Antonio Salieri	男性	アントニオサリエリ
イヴァン雷帝	伊凡雷帝	Ivan the Terrible	男性	
アキレウス	阿喀琉斯	Achilles	男性	
ケイローン	喀戎	Chiron	男性	
ジーク	齐格	Sieg	男性	
沖田総司・オルタ	冲田总司·Alter	Okita Souji (Alter)	女性	沖田総司オルタ
岡田以蔵	冈田以藏	Okada Izo	男性	
坂本龍馬	坂本龙马	Sakamoto Ryouma	男性	
ナポレオン	拿破仑	Napoleon	男性	
シグルド	齐格鲁德	Sigurd	男性	
ワルキューレ	瓦尔基里	Valkyrie	女性	
スカサハ＝スカディ	斯卡哈＝斯卡蒂	Scáthach-Skadi	女性	スカサハ=スカディ
謎のヒロインXX	谜之女主角XX	Mysterious Heroine XX	女性	
シトナイ	志度内	Sitonai	女性	
項羽	项羽	Xiang Yu	男性	
蘭陵王	兰陵王	Prince of Lan Ling	男性	
秦良玉	秦良玉	Qin Liangyu	女性	
始皇帝	始皇帝	Qin Shi Huang	性別不明	
虞美人	虞美人	Yu Mei-ren	女性	
赤兎馬	赤兔马	Red Hare	男性	
ブラダマンテ	布拉达曼特	Bradamante	女性	
紅閻魔	红阎魔	Beni-Enma	女性	
紅閻魔・オルタ	红阎魔·Alter	Beni-Enma Alter	女性	
美遊・エーデルフェルト	美游·艾德费尔特	Miyu Edelfelt	女性	美遊エーデルフェルト
紫式部	紫式部	Murasaki Shikibu	女性	
キングプロテア	Kingprotea	Kingprotea	女性	
プロテア	Protea	Protea	女性	
キングプロテア・オルタ	Kingprotea·Alter	Kingprotea Alter	女性	
プロテア・オルタ	Protea·Alter	Protea Alter	女性	
カーマ	迦摩	Kama	女性	
ビーストⅢ／L	BeastⅢ/L	Beast III/L	女性	ビーストIII/L
司馬懿	司马懿	Sima Yi	男性	
ライネス	莱妮丝	Reines	女性	
アストライア	阿斯特赖亚	Astraea	女性	
グレイ	格蕾	Gray	女性	クレイ
大いなる石像神	伟大的石像神	Great Stone Statue God	女性	
ラクシュミー・バーイー	拉克什米·芭伊	Lakshmi Bai	女性	ラクシュミーバーイー
ウィリアム・テル	威廉·退尔	William Tell	男性	ウィリアムテル
アルジュナ・オルタ	阿周那·Alter	Arjuna (Alter)	男性	アルジュナオルタ
アシュヴァッターマン	马嘶	Aśvatthāman	男性	
アスクレピオス	阿斯克勒庇俄斯	Asclepius	男性	
森長可	森长可	Mori Nagayoshi	男性	
長尾景虎	长尾景虎	Nagao Kagetora	女性	
イアソン	伊阿宋	Jason	男性	
パリス	帕里斯	Paris	男性	
ガレス	加雷斯	Gareth	女性	
バーソロミュー・ロバーツ	巴沙洛缪·罗伯茨	Bartholomew Roberts	男性	バーソロミューロバーツ
陳宮	陈宫	Chen Gong	男性	
シャルロット・コルデー	夏洛特·科黛	Charlotte Corday	女性	シャルロットコルデー
サロメ	莎乐美	Salome	女性	
謎のアルターエゴ・Λ	谜之Alterego·Λ	Mysterious Alter Ego Λ	女性	謎のアルターエゴΛ
オキタ・Ｊ・ソウジ	冲田·J·总司	Okita J. Souji	女性	オキタ・J・ソウジ,オキタＪソウジ
スペース・イシュタル	太空伊什塔尔	Space Ishtar	女性	スペースイシュタル
カラミティ・ジェーン	灾星简	Calamity Jane	女性	カラミティジェーン
超人オリオン	超人俄里翁	Super Orion	男性	
マンドリカルド	曼迪卡尔多	Mandricardo	男性	
エウロペ	欧罗巴	Europa	女性	
楊貴妃	杨贵妃	Yang Guifei	女性	
清少納言	清少纳言	Sei Shounagon	女性	
オデュッセウス	奥德修斯	Odysseus	男性	
ディオスクロイ	狄俄斯库里	Dioscuri	性別不明	
カイニス	凯妮斯	Caenis	性別不明	力イニス
ロムルス＝クィリヌス	罗穆路斯·奎里努斯	Romulus=Quirinus	性別不明	ロムルス=クィリヌス
ボイジャー	旅行者	Voyager	男性	
鬼女紅葉	鬼女红叶	Kijyo Koyo	女性	
宇津見エリセ	宇津见绘里濑	Utsumi Erice	女性	
巴御前	巴御前	Tomoe Gozen	女性	
卑弥呼	卑弥呼	Himiko	女性	
斎藤一	斋藤一	Saito Hajime	男性	
織田信勝	织田信胜	Oda Nobukatsu	男性	
ヴィンセント・ヴァン・ゴッホ	文森特·梵高	Vincent van Gogh	女性	ヴィンセントヴァンゴッホ
蘆屋道満	芦屋道满	Ashiya Douman	性別不明	
渡辺綱	渡边纲	Watanabe-no-Tsuna	男性	
伊吹童子	伊吹童子	Ibuki-Douji	女性	
ヴリトラ	弗栗多	Vritra	女性	
千子村正	千子村正	Senji Muramasa	男性	
平景清	平景清	Taira-no-Kagekiyo	性別不明	
鬼一法眼	鬼一法眼	Kiichi Hogen	性別不明	
アムール	阿摩耳	Amor	女性	
カレン	卡莲	Caren	女性	
ガラテア	伽拉忒亚	Galatea	女性	
ミス・クレーン	Miss・克莱恩	Miss Crane	女性	ミスクレーン
謎のアイドルX・オルタ	谜之偶像X·Alter	Mysterious Idol X (Alter)	女性	謎のアイドルXオルタ
モルガン	摩根	Morgan	女性	
妖精騎士ガウェイン	妖精骑士高文	Tam Lin Gawain	女性	
バーヴァン・シー	芭万·希	Baobhan Sith	女性	バーヴァンシー
妖精騎士トリスタン	妖精骑士崔斯坦	Tam Lin Tristan	女性	
バーゲスト	巴格斯特	Barghest	女性	
妖精騎士ランスロット	妖精骑士兰斯洛特	Tam Lin Lancelot	女性	
パーシヴァル	珀西瓦尔	Percival	男性	
光のコヤンスカヤ	光之高扬斯卡娅	Koyanskaya of Light	女性	
ハベトロット	哈贝特洛特	Habetrot	女性	
オベロン·ヴォーティガーン	奥伯龙·伏提庚	Oberon Vortigern	男性	
ヴィイ	维	Viy		
ジャック・ド・モレー	雅克·德·莫莱	Jacques de Molay	女性	ジャックドモレー
ゼノビア	芝诺比阿	Zenobia	女性	
出雲阿国	出云阿国	Izumo-no-Okuni	女性	
謎の蘭丸X	谜之兰丸X	Mysterious Ranmaru X	性別不明	
太公望	太公望	Taigong Wang	男性	
ドブルイニャ・ニキチッチ	多布雷尼亚·尼基季奇	Dobrynya Nikitich	女性	ドブルイニャニキチッチ
ビーストⅣ	BeastⅣ	Beast IV	女性	ビーストIV
闇のコヤンスカヤ	暗之高扬斯卡娅	Koyanskaya of Dark	女性	
ヘファイスティオン	赫费斯提翁	Hephaistíon	女性	
マナナン・マク・リール	马纳南·麦克·利尔	Manannán mac Lir	男性	マナナンマクリール
バゼット	巴泽特	Bazett	女性	
徴姉妹	征氏姐妹	Hai Bà Trưng	女性	
太歳星君	太岁星君	Taisui Xingjun	男性	
スーパーバニヤン	超级班扬	Super Bunyan	女性	
大黒天	大黑天	Daikokuten	女性	
メアリー・アニング	玛丽·安宁	Mary Anning	女性	メアリーアニング
コンスタンティノス11世	君士坦丁十一世	Kōnstantînos XI	男性	
シャルルマーニュ	查理曼	Charlemagne	男性	
ローラン	罗兰	Roland	男性	
クリームヒルト	克里姆希尔德	Kriemhild	女性	
ジェームズ・モリアーティ	詹姆斯·莫里亚蒂	James Moriarty	男性	ジェームズモリアーティ
ドン・キホーテ	堂·吉诃德	Don Quixote	男性	ドンキホーテ
張角	张角	Zhang Jue	男性	
曲亭馬琴	曲亭马琴	Kyokutei Bakin	女性	
源為朝	源为朝	Minamoto-no-Tametomo	男性	
アーキタイプ：アース	Archetype：Earth	Archetype: Earth	女性	アーキタイプ:アース
徐福	徐福	Xu Fu	女性	
レディ・アヴァロン	Lady・阿瓦隆	Lady Avalon	女性	レディアヴァロン
武則天	武则天	Wu Zetian	女性	
スルーズ	斯露德	Thrúd	女性	
ヒルド	希露德	Hildr	女性	
オルトリンデ	奥特琳德	Ortlinde	女性	
千利休	千利休	Sen-no-Rikyu	女性	
山南敬助	山南敬助	Yamanami Keisuke	男性	
壱与	壹与	Iyo	女性	
呼延灼	呼延灼	Huyan Zhuo	女性	
黄飛虎	黄飞虎	Huang Feihu	男性	
九紋竜エリザ	九纹龙伊丽莎	Nine-Tattoo Dragon Elisa	女性	
ブリトマート	布里托玛特	Britomart	女性	
グレゴリー・ラスプーチン	格里戈里·拉斯普京	Grigori Rasputin	男性	グレゴリーラスプーチン
ニトクリス・オルタ	尼托克丽丝·Alter	Nitocris Alter	女性	ニトクリスオルタ
テスカトリポカ	特斯卡特利波卡	Tezcatlipoca	男性	
トラロック	特拉洛克	Tlaloc	女性	
ククルカン	库库尔坎	Kukulcan	女性	
女教皇ヨハンナ	女教皇若安	Pope Johanna	女性	
高杉晋作	高杉晋作	Takasugi Shinsaku	男性	
ラーヴァ	幼体	Larva	女性	
ソドムズビースト	所多玛之兽	Sodom's Beast	女性	
ドラコー	德拉科	Draco	女性	
ロクスタ	洛库斯塔	Locusta	女性	
セタンタ	瑟坦特	Setanta	男性	
果心居士	果心居士	Kashin Koji	性別不明	
ビーマ	怖军	Bhima	男性	
ドゥリーヨダナ	难敌	Duryodhana	男性	
ドゥルガー	杜尔伽	Durga	女性	
雨の魔女トネリコ	雨之魔女梣	Aesc the Rain Witch	女性	
ノクナレア・ヤラアーンドゥ	诺克娜蕾·雅兰杜	Cnoc na Riabh Yaraan-doo	女性	ノクナレアヤラアーンドゥ
メリュジーヌ	梅柳齐娜	Mélusine	女性	
メリュジーヌ・オンディーヌ	梅柳齐娜·翁蒂娜	Mélusine Undine	女性	メリュジーヌオンディーヌ
ＵＤＫ－バーゲスト	UDK－巴格斯特	UDK-Barghest	女性	UDK-バーゲスト,UDK巴格斯特
ケット・クー・ミコケル	凯特·库·米可科尔	Cait Cú Cerpriestess	女性	ケットクーミコケル
ワンジナ	旺吉娜	Wandjina	性別不明	
プトレマイオス	托勒密	Ptolemaîos	男性	
杉谷善住坊	杉谷善住坊	Sugitani Zenjubou	性別不明	
テセウス	忒修斯	Theseus	男性	
武田晴信	武田晴信	Takeda Harunobu	男性	
永倉新八	永仓新八	Nagakura Shinpachi	男性	
雑賀孫一	杂贺孙一	Saika Magoichi	女性	
上杉謙信	上杉谦信	Uesugi Kenshin	女性	
ヤマトタケル	大和武尊	Yamato Takeru	性別不明	
丑御前	丑御前	Ushi Gozen	女性	
由井正雪	由井正雪	Yui Shousetsu	女性	
宮本伊織	宫本伊织	Miyamoto Iori	男性	
アンドロメダ	安德洛墨达	Andromeda	女性	
マリー・オルタ	玛丽·Alter	Marie Antoinette Alter	女性	マリーオルタ
耀星のハサン	耀星哈桑	Hassan of the Shining Star	男性	
巌窟王 モンテ・クリスト	岩窟王 基督山	The Count of Monte Cristo	男性	巌窟王 モンテクリスト,巌窟王モンテ・クリスト
アレッサンドロ・ディ・カリオストロ	亚历山德罗·迪·卡利奥斯特罗	Alessandro di Cagliostro	男性	アレッサンドロディカリオストロ
Ｅ－フレアマリー	E－火玛丽	E-Flare Marie	女性	E-フレアマリー
Ｅ－アクアマリー	E－水玛丽	E-Aqua Marie	女性	E-アクアマリー
蒼崎青子	苍崎青子	Aozaki Aoko	女性	
静希草十郎	静希草十郎	Shizuki Soujuurou	男性	
久遠寺有珠	久远寺有珠	Kuonji Alice	女性	
ひびき	响	Hibiki	女性	ひびき
千鍵	千键	Chikagi	女性	
アンキ・エレシュキガル	安基埃列什基伽勒	Anki Ereshkigal	女性	アンキエレシュキガル
スペース・エレシュキガル	太空埃列什基伽勒	Space Ereshkigal	女性	スペースエレシュキガル
謎の代行者C.I.E.L	谜之代行者C.I.E.L	Mysterious Executor C.I.E.L	女性	
ＢＢドバイ	BB迪拜	BB Dubai	女性	BBドバイ
ＢＢコスモ	BB宇宙	BB Cosmos	女性	BBコスモ
ゴールデンＢＢ	黄金BB	Golden BB	女性	ゴールデンBB
テノチティトラン	特诺奇蒂特兰	Tenochtitlan	女性	
謎のヒロインXX・オルタ	谜之女主角XX·Alter	Mysterious Heroine XX (Alter)	女性	謎のヒロインXXオルタ
カズラドロップ	Kazuradrop	Kazuradrop	女性	
ツタンカーメン	图坦卡蒙	Tutankhamun	男性	
ロウヒ	娄希	Louhi	女性	
ファンタズムーン	Phantasmoon	Phantasmoon	女性	
スペース・ファンタズムーンＶ	Space PhantasmoonⅤ	Space Phantasmoon V	女性	スペースファンタズムーンV
サンタズムーン	Santasmoon	Santa's Moon	女性	
リチャードⅠ世	理查一世	Richard I	男性	リチャードI世
ビショーネ	比肖内	Biscione	女性	
黒姫	黑姬	Kurohime	女性	
小野小町	小野小町	Ono-no-Komachi	女性	
Ｅ－グランマリー	E－宏玛丽	E-Grand Marie	女性	E-グランマリー
ダンテ・アリギエーリ	但丁·阿利吉耶里	Dante Alighieri	男性	ダンテアリギエーリ
メタトロン・ジャンヌ	梅塔特隆·贞德	Metatron Jeanne	女性	メタトロンジャンヌ
アショカ王	阿育王	King Ashoka	男性	
リリス	莉莉丝	Lilith	女性	
テュフォン・エフェメロス	堤丰·厄斐墨洛斯	Typhon Ephemeros	女性	テュフォンエフェメロス
イプシロン	伊普西龙	Epsilon	女性	
インドラ	因陀罗	Indra	性別不明	
Ｅ－ステラマリー	E－星玛丽	E-Stellar Marie	女性	E-ステラマリー
Ｕ－オルガマリー	U－奥尔加玛丽	U-Olga Marie	女性	U-オルガマリー
玉兎	玉兔	Jade Rabbit	女性	
ジュネス・クレーン	热内斯·克莱恩	Jeunesse Crane	女性	ジュネスクレーン
ノア	诺亚	Noah	男性	
河上彦斎	河上彦斋	Kawakami Gensai	男性	
藤堂平助	藤堂平助	Tōdō Heisuke	男性	
原田左之助	原田左之助	Harada Sanosuke	男性	
近藤勇	近藤勇	Kondo Isami	男性	
終わりのエリザベート	终结之伊丽莎白	Elisabeth of the End	女性	
マリス・カルデアス	马里斯·迦勒底亚斯	Maris Chaldeas	性別不明	マリスカルデアス
ロード・ログレス	领主洛格雷斯	Lord Logres	女性	ロードログレス
ログレス	洛格雷斯	Logres	女性	
花咲翁	花咲翁	Hanasaka-no-Okina	男性	
蛇女房	蛇女房	Hebi Nyōbō	女性	
フローラ	芙萝拉	Flora	女性	
デメテル・エリニュス	得墨忒耳·厄里倪厄斯	Demeter Erinyes	女性	
フランソワ・プレラーティ	弗朗索瓦·普勒拉蒂	François Prélati	男性	
フランチェスカ・プレラーティ	弗兰切斯卡·普勒拉蒂	Francesca Prelati	女性	
ヒッポリュテ	希波吕忒	Hippolyta	女性	
ジョン・ラックランド	无地王约翰	John Lackland	男性	ジョンラックランド
ウルズ	乌尔德	Urðr	女性	
カマソッソ	卡玛佐茨	Camazotz	男性	
朱瑞鳥・紅閻魔	朱瑞鸟·红阎魔	Vermillion Bird, Beni-Enma	女性	朱瑞鳥紅閻魔,朱瑞鳥·紅閻魔
恐竜王	恐龙王	Dinosaur King	男性	
イスカリ	伊斯卡利	Izcalli	男性	
ORT	ORT	ORT		
スカンジナビア・ペペロンチーノ	斯堪的纳维亚·佩佩隆奇诺	Scandinavia Peperoncino	男性	スカンジナビアペペロンチーノ,スカンジナビア·ペペロンチーノ
妙漣寺鴉郎	妙漣寺鴉郎		男性	みょうれんじあろう
コヤンスカヤ	高扬斯卡娅	Koyanskaya	女性	
ブランカ	布兰卡	Blanca	女性	
ウェールズ	威尔士	Wales		
オーロラ	欧若拉	Aurora	女性	
コーラル	科拉尔	Coral	女性	
スプリガン	斯普里根	Spriggan	男性	
亜鈴百種・排熱大公	亚铃百种·散热大公		男性	亜鈴百種排熱大公,亜鈴百種·排熱大公
ボガード	博格特	Boggart	男性	
エインセル	艾因塞尔	Ainsel	女性	
ノクナレア	诺克娜蕾	Cnoc na Riabh	女性	
ウィンキー	温基	Winky	男性	
ワグ	瓦格	Wag	男性	
ロブ	罗布	Rob	男性	
ホープ	霍普	Hope	女性	
白狼	白狼	White Wolf		
エクター	埃克特	Ector	男性	
モース	摩耳斯	Mors		
ケルヌンノス	科尔努诺斯	Cernunnos	男性	
祭神ケルヌンノス	祭神科尔努诺斯	Deity Cernunnos	男性	
セファール	赛法卢	Sefar		
アルビオン	阿尔比恩	Albion		
魔竜ヴォーティガーン	魔龙伏提庚	Demonic Dragon Vortigern	男性	
アグラヴェイン	阿格规文	Agravain	男性	
アトラス	阿特拉斯	Atlas	男性	
豹尾神	豹尾神	Hyobishin		
柴田勝家	柴田胜家	Shibata Katsuie	男性	
ダユー	达尤	Dahut	女性	
ドゥムジ	杜木兹	Dumuzid	男性	
ファースト・レディ	First Lady	First Lady	女性	ファーストレディ,ファースト·レディ
複合神性ゴルゴーン	复合神性戈耳工	Composite Divinity Gorgon	女性	
韓信	韩信	Han Xin	男性	
キングゥ	金固	Kingu	性別不明	
玖賀耳之御笠	玖贺耳之御笠	Kugamimi-no-Mikasa		
ギャラハッド	加拉哈德	Galahad	男性	
巨英雄	巨英雄	Giant Hero	男性	
プルガトリオ	Purgatorio	Purgatorio	男性	
マックスウェルの悪魔	麦克斯韦妖	Maxwell's Demon		
ミノタウロス	弥诺陶洛斯	Minotaur	男性	
明智光秀	明智光秀	Akechi Mitsuhide	男性	
ロンゴミニアド	伦戈米尼亚德	Rhongomyniad		
芹沢鴨	芹泽鸭	Serizawa Kamo	男性	
歳殺神	岁杀神	Saisatsushin		
四元素アイリ	四元素之爱丽	Elemental Irisviel	女性	
シータ	悉多	Sita	女性	
煙酔のハサン	烟醉哈桑	Hassan of the Intoxicating Smoke	男性	
春日局	春日局	Lady Kasuga	女性	
長尾晴景	长尾晴景	Nagao Harukage	男性	
ダーニック・プレストーン・ユグドミレニア	达尼克·普雷斯通·尤格多米雷尼亚	Darnic Prestone Yggdmillennia	男性	ダーニックプレストーンユグドミレニア,ダーニック·プレストーン·ユグドミレニア
ハーゲン	哈根	Hagen	男性	
キャプテン・キッド	基德船长	Captain Kidd	男性	キャプテンキッド,キャプテン·キッド
間桐雁夜	间桐雁夜	Matou Kariya	男性	
間桐臓硯	间桐脏砚	Matou Zouken	男性	マキリ・ゾォルケン
クリスティーヌ	克里斯蒂娜	Christine	女性	
ケイネス・エルメロイ・アーチボルト	肯尼斯·埃尔梅罗·阿奇博尔德	Kayneth El-Melloi Archibald	男性	ケイネスエルメロイアーチボルト,ケイネス·エルメロイ·アーチボルト
綾	绫	Aya		
ランドルフ・カーター	伦道夫·卡特	Randolph Carter	男性	ランドルフカーター,ランドルフ·カーター
リア王	李尔王	King Lear	男性	
ロミオとジュリエット	罗密欧与朱丽叶	Romeo and Juliet		
ラヴィニア・ウェイトリー	拉维尼娅·维特利	Lavinia Whateley	女性	ラヴィニアウェイトリー,ラヴィニア·ウェイトリー
摩玖主大僧正	摩玖主大僧正	High Priest Makuzu	男性	
マクベス	麦克白	Macbeth	男性	
マックスウェル	麦克斯韦	Maxwell	男性	
ムネーモシュネー	谟涅摩叙涅	Mnemosyne	女性	
松平信綱	松平信纲	Matsudaira Nobutsuna	男性	
土田御前	土田御前	Lady Tsuchida	女性	
藤原道長	藤原道长	Fujiwara no Michinaga	男性	
田中新兵衛	田中新兵卫	Tanaka Shinbei	男性	
ウェイバー・ベルベット	韦伯·维尔维特	Waver Velvet	男性	ウェイバーベルベット,ウェイバー·ベルベット
武市瑞山	武市瑞山	Takechi Zuizan	男性	
シドゥリ	西杜丽	Siduri	女性	
鵺	鵺	Nue		
スペース遠坂時臣	宇宙远坂时臣	Space Tohsaka Tokiomi	男性	スペース遠坂時臣
アポロン	阿波罗	Apollo	男性	
アルテミス	阿耳忒弥斯	Artemis	女性	
アフロディーテ	阿佛洛狄忒	Aphrodite	女性	
アレス	阿瑞斯	Ares	男性	
ポセイドン	波塞冬	Poseidon	男性	
ヘファイストス	赫淮斯托斯	Hephaestus	男性	
ヘラ	赫拉	Hera	女性	
ヘスティア	赫斯提亚	Hestia	女性	
アテナ	雅典娜	Athena	女性	
ゼウス	宙斯	Zeus	男性	
シャンシャン	香香	Shan Shan		
オフェリア・ファムルソローネ	奥菲莉娅·法姆索罗涅	Ophelia Phamrsolone	女性	オフェリアファムルソローネ,オフェリア·ファムルソローネ
ベリル・ガット	贝里尔·伽特	Beryl Gut	男性	ベリルガット,ベリル·ガット
百貌ハサン・ちびハサン	百貌哈桑·小哈桑	Hundred Personas Hassan / Little Hassan	女性	百貌ハサンちびハサン,百貌ハサン·ちびハサン
デイビット・ゼム・ヴォイド	戴比特·泽姆·沃伊德	Daybit Sem Void	男性	デイビットゼムヴォイド,デイビット·ゼム·ヴォイド
エキドナ	厄喀德那	Echidna	女性	
ゴルドルフ・ムジーク	戈尔德鲁夫·穆吉克	Goredolf Musik	男性	ゴルドルフムジーク,ゴルドルフ·ムジーク
芥ヒナコ	芥雏子	Hinako Akuta	女性	
キリシュタリア・ヴォーダイム	基尔什塔利亚·沃戴姆	Kirschtaria Wodime	男性	キリシュタリアヴォーダイム,キリシュタリア·ヴォーダイム
カドック・ゼムルプス	卡多克·泽姆露普斯	Kadoc Zemlupus	男性	カドックゼムルプス,カドック·ゼムルプス
ロマニ・アーキマン	罗玛尼·阿其曼	Romani Archaman	男性	ロマニアーキマン,ロマニ·アーキマン
マーブル・マッキントッシュ	玛布尔·玛金托修	Marble Macintosh	女性	マーブルマッキントッシュ,マーブル·マッキントッシュ
スルト	苏鲁特	Surtr	男性	
マリスビリー・アニムスフィア	马里斯比利·阿尼姆斯菲亚	Marisbury Animusphere	男性	マリスビリーアニムスフィア,マリスビリー·アニムスフィア
シオン・エルトナム・ソカリス	希翁·艾尔特纳姆·索卡里斯	Sion Eltnam Sokaris	女性	シオンエルトナムソカリス,シオン·エルトナム·ソカリス
異星の巫女	异星巫女	Priestess of the Alien God	女性	
セレシェイラ・エルロン	塞蕾雪拉·艾尔隆	Cerejeira Elron	女性	セレシェイラエルロン,セレシェイラ·エルロン,セレシェイラ
フォウ	芙芙	Fou		Fou
キャスパリーグ	凯茜·帕鲁格	Cath Palug		Cath Palug,キャス・パリーグ
ムニエル	穆尼尔	Meuniere	男性	
ジングル・アベル・ムニエル	金格尔·阿贝尔·穆尼尔	Jingle Abel Meuniere	男性	ジングルアベルムニエル
ホームズ	福尔摩斯	Holmes	男性	
ダ・ヴィンチ	达·芬奇	Da Vinci	女性	ダヴィンチ
ゴルドルフ	戈尔德鲁夫	Goredolf	男性	
カドック	卡多克	Kadoc	男性	
キャプテン・ネモ	船长·尼莫	Captain Nemo	男性	キャプテンネモ
ネモ・マリーン	尼莫·水兵	Nemo Marine	男性	ネモマリーン
ネモ・プロフェッサー	尼莫·教授	Nemo Professor	性別不明	ネモプロフェッサー
ネモ・エンジン	尼莫·引擎	Nemo Engine	女性	ネモエンジン
ネモ・ナース	尼莫·护士	Nemo Nurse	性別不明	ネモナース
ネモ・ベーカリー	尼莫·烘焙坊	Nemo Bakery	女性	ネモベーカリー
オルガマリー・アニムスフィア	奥尔加玛丽·阿尼姆斯菲亚	Olga Marie Animusphere	女性	オルガマリーアニムスフィア
オルガマリー	奥尔加玛丽	Olga Marie	女性	オルガマリ,オルガマリ一
レフ・ライノール・フラウロス	雷夫·莱诺尔·佛劳洛斯	Lev Lainur Flauros	男性	レフライノールフラウロス
バアル	巴力	Baal		
ゼパル	桀派	Zepar		
フェニクス	菲尼克斯	Phenex		
ラウム	劳姆	Raum		
アンドラス	安托士	Andras		
ナベリウス	纳贝流士	Naberius		
フラウロス	佛劳洛斯	Flauros		
フォルネウス	佛钮司	Forneus		
バルバトス	巴巴妥司	Barbatos		
ハルファス	哈帕斯	Halphas		
アモン	亚蒙	Amon		
サブナック	斯伯纳克	Sabnock		
アンドロマリウス	安杜马利乌士	Andromalius		
ラフム	拉赫穆	Lahmu		
パツシィ	帕茨希	Patxi	男性	
ゲルダ	格尔达	Gerda	女性	グルダ
デイヴィット・ブルーブック	大卫·布鲁布克	David Bluebook	男性	デイヴィットブルーブック,デイヴィット,ブルーブック
オセロトル	奥塞洛特尔	Ocelotl		
クワウテモク	夸乌特莫克	Cuauhtémoc	男性	
オロチ	大蛇	Orochi		大蛇
ソンブレロ	阔边帽	Sombrero		阔边帽
メイオール	马亚尔	Mayall		马亚尔
スパイラル	漩涡	Spiral		漩涡
マゼラン	麦哲伦	Magellan		麦哲伦
曼荼羅	曼荼罗	Mandala		曼荼羅
セイファート	赛弗特	Seyfert		赛弗特
クエーサー	类星体	Quasar		类星体
盈月	盈月	Waxing Moon		盈月
オルガ	奥尔加	Olga	女性	
ペペ	佩佩	Pepe	男性	
ヒナコ	雏子	Hinako	女性	
アズライール	亚兹拉尔	Azrael	男性	
検体:E	检体:E	Specimen E		
アナウンス	广播	Announcement		
ラニ=Ⅻ	拉妮-Ⅻ	Rani XII	女性	ラニXII
アーユス	阿愈丝	Ayus	女性	
神王ラックランド	神王拉克兰	God-King Lackland	男性	
ジョン	约翰	John	男性	
カヴァスⅡ世	卡瓦斯Ⅱ世	Cavall II		カヴァスII世,カヴァスI世,カヴァス11世,カヴァス1世
ラニ=B	拉妮-B	Rani=B	女性	ラニB
Dr.ロマン	Dr.罗曼	Dr. Roman	男性	
藤丸立香	藤丸立香	Ritsuka Fujimaru		ふじまるりつか
カレイドスコープ	宝石翁	Kaleidoscope	男性	
キシュア・ゼルレッチ・シュバインオーグ	基修亚·泽尔里奇·修拜因奥古	Kischur Zelretch Schweinorg	男性	
ドクター	医生	Doctor	男性	
先輩	前辈	Senpai		
オーディン	奥丁	Odin	男性	
ムリアン	缪瑞恩	Muryan	女性	
レッドラ・ビット	瑞德拉·比特	Redra Bit	男性	レッドラビット
アイン	Eins	Eins		
ツヴァイ	Zwei	Zwei		
ドライ	Drei	Drei		
安倍晴明	安倍晴明	Abe-no-Seimei	男性	
言峰綺礼	言峰绮礼	Kotomine Kirei	男性	
シバの女王	示巴女王	Queen of Sheba	女性	
カール大帝	卡尔大帝	Karl der Große	男性	
クリストファー・コロンブス	克里斯托弗·哥伦布	Christopher Columbus	男性	クリストファーコロンブス
ヤン・ユーファン	杨玉环	Yang Yuhuan	女性	ヤンユーファン,楊玉環
岸波白野	岸波白野	Kishinami Hakuno		
ウッドワス	伍德沃斯	Woodwose	男性	
ヴクブ	乌库伯	Vucub	男性	
オクタヴィア	奥克塔维娅	Octavia	女性	
トマリン	托玛琳	Tomalin	女性	
カワタ	川田	Kawata	男性	
カヤン	卡扬	Kayan	男性	
ダストン	达斯顿	Duston	男性	
マーカス	马库斯	Marcus	男性	
チン	陈	Chin	男性	
茅 昂昂	茅 昂昂	Mao Mao Mao	女性	マオマオマオ
シルビア	西尔维亚	Sylvia	女性	
ソリア・ナイワー	索里亚·奈瓦	Soria Naiwa	男性	ソリアナイワー
ハリー・茜沢・アンダーソン	哈利·茜泽·安德森	Harry Akanezawa Anderson	男性	ハリー茜沢アンダーソン
ファヴニール	法納夫	Fafnir		
スタッフ	职员	Staff		
オトタチバナ	弟橘	Ototachibana	女性	
サクラ	樱	Sakura	女性	
フラット	弗拉特	Flat	男性	
マリーンズ	水兵们	Marines		
テペウ	特佩乌	Tepeu	男性	
イシュキック	希基克	Ixquic	女性	
グレイ・リリィ	格蕾·Lily	Gray Lily	女性	クレイリリィ,グレイ・リリィ
アス	阿斯	As	男性	
アスカラポス	阿斯卡拉福斯	Ascalaphus	男性	
アッド	亚德	Add	男性	
トリムマウ	特里姆玛乌	Trimmau	女性	
ガベージ	垃圾	Garbage		
ハデス	哈迪斯	Hades	男性	
ペルセポネ	珀耳塞福涅	Persephone	女性	
オルガ·カルデアス	奥尔加·迦勒底亚斯	Olga Chaldeas	女性	オルガカルデアス
グリム	格里姆	Grimr	男性	
賢人グリム	贤人格里姆	Sage Grimr	男性	
ゴフ	戈夫	Goredolf	男性	
アーシャ	阿夏	Asha	女性	
ハサン・サッバーハ	哈桑·萨巴赫	Hassan-i Sabbah	男性	
シドラ・アズライール	惜德拉·亚兹拉尔	Sidra Azrael	男性	
蒼きアズライール	苍之亚兹拉尔	Azrael the Pale	男性	
シサロット	狮萨洛特	Shisarotto	女性	
シーサー	狮萨	Shisa	女性	
ドゥリー左衛門	杜里左卫门	Duryzaemon	男性	
キジムナー	木基姆纳	Kijimuna	女性	
ナッちゃん	纳酱	Nacchan	女性	
レディ・ロングアーム	Lady Long Arm	Lady Long Arm	女性	
ミス・トールフット	Miss Tall Foot	Miss Tall Foot	女性	
プタ	Prota	Prota	女性	
おみいさん	阿咪姐	Omii san	女性	
ミストレスＣ	Mistress C	Mistress C	女性	
ぐっ様	虞大人	Lady Yu	女性	
メジェド様	梅杰德大人	Great Medjed		
ミ二小町	迷你小町		女性	
ぬらりひょん	滑头鬼		男性	
ヴェルザンディ	薇尔丹蒂	Verdandi	女性	
まーちゃん	御酱	Masu-chan		
小野篁	小野篁	Ono no Takamura	男性	
リンド	琳德	Rindr	女性	
エルン	奥露恩	Örun	女性	
イルス	洁尔诗	Ers	女性	
エリセ	绘里濑	Erice	女性	
ちゃんマス	酱御	Chan-masu		
辈先	辈前	Paisen		
サンチョ	桑丘	Sancho	女性	
リンボ	Limbo	Limbo	性別不明	
ダイダロス	代达罗斯	Daedalus	男性	
ナウクラテー	瑙克拉特	Naucrate	女性	
イカロス	伊卡洛斯	Icarus	男性	
ときこ	時子	Tokiko	女性	
ジャック	杰克	Jack	女性	
エリザ	伊莉莎	Elisa	女性	
テノチティトラン・バニー	特诺奇蒂特兰·兔女郎	Tenochtitlan Bunny	女性	
ゴッホ	梵高	Gogh	女性	