jp_name	cn_name_simp	cn_name_trad	count
マシュ	玛修	瑪修	40126
ダ・ヴィンチ	达·芬奇	達．文西	18600
？？？	？？？	？？？	8281
ゴルドルフ	戈尔德鲁夫	戈爾德魯夫	8154
ホームズ	福尔摩斯	福爾摩斯	8131
Dr.ロマン	Dr.罗曼	Dr.羅曼	6501
カドック	卡多克	卡多克	4695
ジャンヌ・オルタ	贞德·Alter	貞德．Alter	4412
モリアーティ	莫里亚蒂	莫里亞蒂	3769
エリザベート	伊丽莎白	伊莉莎白	3742
シオン	希翁	紫苑	3562
坂田金時	坂田金时	坂田金時	3497
武蔵	武藏	武藏	3160
アルトリア	阿尔托莉雅	阿爾托莉亞	3045
フォウ	芙芙	芙芙	2923
刑部姫	刑部姬	刑部姬	2867
カーマ	迦摩	迦摩	2805
モードレッド	莫德雷德	莫德雷德	2756
オベロン	奥伯龙	奧伯隆	2529
イアソン	伊阿宋	伊阿宋	2520
ネモ	尼莫	尼莫	2456
オルガマリー	オルガマリー	奧爾嘉瑪麗	2220
黒髭	黑胡子	黑鬍子	2174
エルメロイⅡ世	埃尔梅罗Ⅱ世	埃爾梅羅Ⅱ世	2231
コヤンスカヤ	高扬斯卡娅	高揚斯卡婭	2262
ロビンフッド	罗宾汉	羅賓漢	2206
紫式部	紫式部	紫式部	2206
イシュタル	伊什塔尔	伊絲塔	2209
メドゥーサ	美杜莎	美杜莎	2083
葛飾北斎	葛饰北斋	葛飾北齋	2096
ニトクリス	尼托克丽丝	尼托克里絲	2071
アビゲイル	阿比盖尔	艾比蓋兒	2073
ネロ	尼禄	尼祿	2079
ギルガメッシュ	吉尔伽美什	吉爾伽美什	2068
茨木童子	茨木童子	茨木童子	1939
源頼光	源赖光	源賴光	1886
マンドリカルド	曼迪卡尔多	曼迪卡爾多	1916
ＢＢ	BB	BB	1903
エミヤ	卫宫	Emiya	1878
太公望	太公望	太公望	1794
プトレマイオス	托勒密	托勒密	1497
天草四郎	天草四郎	天草四郎	1796
カイニス	凯妮斯	凱妮絲	1763
清姫	清姬	清姬	1725
ジャンヌ	贞德	貞德	1717
清少納言	清少纳言	清少納言	1682
スカサハ＝スカディ	斯卡哈·斯卡蒂	斯卡薩哈=斯卡蒂	1725
ラーマ	罗摩	羅摩	1661
段蔵	段藏	段藏	1653
千子村正	千子村正	千子村正	1583
スカサハ	斯卡哈	斯卡薩哈	1639
牛若丸	牛若丸	牛若丸	1600
オリオン	俄里翁	俄里翁	1566
エリセ	绘里濑	繪里世	1464
シャルロット・コルデー	夏洛特·科黛	夏洛特．科黛	1530
ペペロンチーノ	佩佩隆奇诺	佩佩隆奇諾	1526
メイヴ	梅芙	梅芙	1534
アストルフォ	阿斯托尔福	阿斯托爾福	1552
アスクレピオス	阿斯克勒庇俄斯	阿斯克勒庇俄斯	1458
クー・フーリン	库·丘林	庫．夫林	1404
パーシヴァル	珀西瓦尔	帕西瓦爾	1489
マーリン	梅林	梅林	1498
虞美人	雏罂	虞美人	1394
アナスタシア	阿纳斯塔西娅	安娜塔西亞	1452
ナポレオン	拿破仑	拿破崙	1444
呼延灼	呼延灼	呼延灼	1369
ダンテ	但丁		1344
風魔小太郎	风魔小太郎	風魔小太郎	1374
キルケー	喀耳刻	喀耳刻	1268
ガレス	加雷斯	加雷斯	1355
イリヤ	伊莉雅	伊莉雅	1377
酒呑童子	酒吞童子	酒吞童子	1364
モレー	莫莱	莫萊	1298
沖田総司	冲田总司	沖田總司	1305
三蔵	三藏	三藏	1354
武則天	周照	武則天	1278
アキレウス	阿喀琉斯	阿基里斯	1319
ライネス	莱妮丝	萊涅絲	1254
カルナ	迦尔纳	迦爾納	1305
トリスタン	崔斯坦	崔斯坦	1286
キリシュタリア	基尔什塔利亚	基爾什塔利亞	1300
エジソン	爱迪生	愛迪生	1293
パッションリップ	Passionlip	Passionlip	1145
ゴッホ	梵高	梵谷	1184
エレシュキガル	埃列什基伽勒	埃列什基伽勒	1217
アルジュナ	阿周那	阿周那	1184
巴御前	巴御前	巴御前	1121
玉藻の前	玉藻前	玉藻前	1190
ムニエル	穆尼尔	穆尼爾	1176
バーソロミュー	巴沙洛缪	巴索羅繆	1207
シグルド	齐格鲁德	齊格魯德	1199
徐福	方巿	徐福	1189
織田信長	织田信长	織田信長	1115
サリエリ	萨列里	薩里耶利	1137
ヴラド三世	弗拉德三世	弗拉德三世	1161
ハベトロット	哈贝特洛特	哈貝特洛特	1146
シェヘラザード	山鲁佐德	雪赫拉莎德	1085
マリー	玛丽	瑪莉	1148
宮本伊織	宮本伊織	宮本伊織	1079
マルタ	玛尔达	瑪爾大	1083
エルキドゥ	恩奇都	恩奇都	1111
高杉晋作	高杉晋作	高杉晉作	1096
エレナ	海伦娜	海倫娜	1116
テペウ	特佩乌	特佩烏	977
クリームヒルト	克里姆希尔德	克琳希德	1098
伊吹童子	伊吹童子	伊吹童子	1092
ヨハンナ	若安	瓊安	1041
オデュッセウス	奥德修斯	奧德修斯	1083
鈴鹿御前	铃鹿御前	鈴鹿御前	1070
アンデルセン	安徒生	安徒生	1063
長尾景虎	長尾景虎	長尾景虎	1076
Ｘ・オルタ	X·Alter	X．Alter	1073
ガネーシャ	伽内什	迦尼薩	1008
フェルグス	弗格斯	弗格斯	1058
坂本龍馬	坂本龍馬	坂本龍馬	971
Ｓイシュタル	Ｓイシュタル		1039
サンソン	桑松	桑松	1033
ナイチンゲール	南丁格尔	南丁格爾	1037
燕青	燕青	燕青	957
岸波白野	岸波白野	岸波白野	842
フローラ	芙萝拉		954
ニキチッチ	尼基季奇	尼基季奇	991
アマゾネスＣＥＯ			382
ブリュンヒルデ	布伦希尔德	布倫希爾德	1018
殺生院キアラ	瞑生院祈荒	殺生院祈荒	1033
パールヴァティー	帕尔瓦蒂	帕爾瓦蒂	1025
ナーサリー・ライム	童谣	童謠	1004
斎藤一	斎藤一	齋藤一	1008
Ｘ	X	X	1008
メカエリチャン	机械伊丽亲	機械伊莉醬	998
ブラダマンテ	布拉达曼特	布拉達曼特	970
ドゥリーヨダナ	难敌	難敵	903
ジークフリート	齐格飞	齊格飛	978
グレイ	グレイ	格蕾	931
メルトリリス	Meltryllis	Meltryllis	978
クロエ	克洛伊	克洛伊	968
ブーディカ	布狄卡	布狄卡	966
ケイローン	喀戎	凱隆	949
沖田オルタ	冲田Alter	沖田Alter	940
オジマンディアス	奥斯曼狄斯	奧茲曼迪亞斯	922
ビリー	比利	比利	944
クレオパトラ	克娄巴特拉	克麗奧佩脫拉	938
ベディヴィエール	贝德维尔	貝德維爾	934
ドレイク	德雷克	德雷克	925
バーゲスト	巴格斯特	巴格斯特	921
哪吒	哪吒	哪吒	921
シェイクスピア	莎士比亚	莎士比亞	913
アストライア	阿斯特赖亚	阿斯特蕾亞	908
アタランテ・オルタ	阿塔兰忒·Alter	阿塔蘭塔・Alter	905
シャルルマーニュ	查理曼	查理曼	899
Ｕ－オルガマリー	U－奥尔加玛丽	U－奧爾嘉瑪麗	895
ジーク	齐格	齊格	894
ガウェイン	高文	高文	886
タマモキャット	玉藻猫	玉藻貓	883
ヴリトラ	弗栗多	弗栗多	883
ヘクトール	赫克托耳	赫克特	874
ジェロニモ	杰罗尼莫	傑羅尼莫	873
荊軻	匕见	荊軻	870
ビショーネ	比肖内		869
メタトロン・ジャンヌ	梅塔特隆·贞德		864
シトナイ	志度内	志度內	861
ノッブ			860
紅閻魔	红阎魔	紅閻魔	859
楊貴妃	琰女	楊貴妃	855
岡田以蔵	冈田以藏	岡田以藏	849
アルトリア・オルタ	阿尔托莉雅·Alter	阿爾托莉亞．Alter	843
デオン	迪昂	德翁	842
柳生但馬守	柳生但马守	柳生但馬守	840
アルトリア・キャスター	阿尔托莉雅·卡斯特	阿爾托莉亞・Caster	838
鬼一法眼	鬼一法眼	鬼一法眼	833
カエサル	恺撒	凱撒	829
おみぃさん			827
カズラドロップ	Kazuradrop	Kazuradrop	826
ボイジャー	旅行者	航海家	820
ケツァル・コアトル	魁札尔·科亚特尔	魁札爾．科亞特爾	819
ＢＢコスモ	ＢＢ宇宙	ＢＢ宇宙	819
セミラミス	塞弥拉弥斯	塞彌拉彌斯	811
テスカトリポカ	特斯卡特利波卡	特斯卡特利波卡	807
マタ・ハリ	玛塔·哈丽	瑪塔．哈里	804
ラクシュミー	拉克什米	拉克西米	804
ジャンヌ・オルタ・サンタ・リリィ	贞德·Alter·Santa·Lily	貞德．Alter．Santa．Lily	803
張角	张角	張角	797
ジャガーマン	豹人	豹人	793
カレン	卡莲		791
アルテラサンタ	阿蒂拉·Santa	阿蒂拉．the．San〔ta〕	784
サンチョ	桑丘	桑丘	780
スーパーバニヤン	スーパーバニヤン	超級班揚	770
アシュヴァッターマン	马嘶	馬嘶	763
アヴィケブロン	阿维斯布隆	阿維斯布隆	762
カーミラ	卡米拉	卡米拉	756
ミス・クレーン	ミス・クレーン	Ms.克蘭	745
ベリル	贝里尔	貝里爾	738
エミヤ・オルタ	卫宫·Alter	Emiya．Alter	725
リリス	莉莉丝		725
パツシィ	帕茨西	帕茨希	714
レディ・アヴァロン	レディ・アヴァロン	Lady阿瓦隆	710
徴側	征侧	徵側	709
コロンブス	哥伦布	哥倫布	707
クー・フーリン・オルタ	库·丘林·Alter	庫．夫林．Alter	703
ヤマトタケル	ヤマトタケル	日本武尊	703
アーラシュ	阿拉什	阿拉什	701
新宿のアーチャー	新宿的Archer	新宿的Archer	699
織田信勝	織田信勝	織田信勝	697
始皇帝	祖政	始皇帝	695
ノクナレア	诺克娜蕾	諾克娜蕾雅	694
蒼崎青子	苍崎青子	蒼崎青子	690
ディルムッド	迪尔姆德	迪爾姆德	689
ドラコー	ドラコー	德拉科	689
茶々	茶茶	茶茶	685
ゼノビア	芝诺比阿	潔諾比亞	683
ビーマ	怖军	怖軍	683
ベオウルフ	贝奥武夫	貝奧武夫	674
ニコラ・テスラ	尼古拉·特斯拉	尼古拉．特斯拉	669
モルガン	摩根	摩根	669
ラムダ	Lambda	Lambda	654
アルテミス	阿耳忒弥斯	阿耳忒彌斯	652
ランスロット	兰斯洛特	蘭斯洛特	650
アーユス	阿愈丝	阿愈絲	632
マカリオス	马卡里俄斯	馬卡里俄斯	631
メディア	美狄亚	美狄亞	631
セタンタ	瑟坦特	瑟坦特	628
卑弥呼	卑弥呼	卑彌呼	621
メディア・リリィ	美狄亚·Lily	美狄亞．Lily	619
ジャック	杰克	傑克	618
春日局	春日局		618
オフェリア	奥菲莉娅	奧菲莉婭	617
蘭陵王	兰陵王	蘭陵王	609
バーヴァン・シー	芭万·希	芭班．希	602
アンドロメダ	安德洛墨达	安朵美達	599
パラケルスス	帕拉塞尔苏斯	帕拉塞爾斯	598
バゼット	巴泽特	芭潔特	594
呪腕のハサン	咒腕哈桑	咒腕的哈桑	594
武田晴信	武田晴信	武田晴信	594
土方歳三	土方岁三	土方歲三	592
ククルカン	库库尔坎	庫庫爾坎	591
ネモ・マリーン	尼莫水兵	尼莫水兵	590
巌窟王	岩窟王	巖窟王	589
壱与	壱与	臺與	588
ジェーン	简	簡	586
ロウヒ	娄希		584
李書文	李书文	李書文	584
ティアマト	提亚马特	迪亞馬特	582
森長可	森長可	森長可	582
ジキル	杰基尔	傑基爾	580
ジュネス			580
ワンジナ	旺吉娜	旺吉娜	580
エウリュアレ	尤瑞艾莉	尤瑞艾莉	578
ヒッポリュテ	希波吕忒		574
ＢＢドバイ	ＢＢ迪拜	ＢＢ杜拜	572
アマデウス	阿马德乌斯	阿瑪迪斯	570
メフィストフェレス	梅菲斯托费勒斯	梅菲斯托費勒斯	570
アス	阿斯		568
エレシュキガル・オルタ	埃列什基伽勒·Alter	埃列什基伽勒．Alter	568
シバの女王	示巴女王	示巴女王	557
パリス	帕里斯	帕里斯	556
ガラテア	伽拉忒亚	伽拉忒亞	555
コンスタンティノス	君士坦丁	君士坦丁	555
ドン・キホーテ	堂·吉诃德	唐吉訶德	554
蘆屋道満	芦屋道满	蘆屋道滿	551
子ギル	幼吉尔	子吉爾	550
バベッジ	巴贝奇	巴貝奇	546
インドラ			545
九紋竜エリザ	九紋竜エリザ	九紋龍伊莉莎	545
リンボ	Limbo	Limbo	542
テュフォン・エフェメロス	テュフォン・エフェメロス		540
山南敬助	山南敬助	山南敬助	537
フランソワ			536
ラスプーチン	拉斯普京	拉斯普丁	536
千利休	千利休	千利休	536
渡辺綱	渡边纲	渡邊綱	536
デメテル	得墨忒耳	狄蜜特	533
黒姫	黒姫		531
弁慶	弁庆	弁慶	521
ネモ・プロフェッサー	尼莫教授	尼莫教授	520
由井正雪	由井正雪	由井正雪	518
出雲阿国	出雲阿国	出雲阿國	514
永倉新八	永倉新八	永倉新八	514
煉獄	炼狱	煉獄	514
ロクスタ	洛库斯塔	洛庫斯塔	506
ダビデ	大卫	大衛	505
サンタマルタ	圣诞玛尔达	聖誕瑪爾達	504
フラン	弗兰	弗蘭	504
スルーズ	斯露德	斯露德	500
アルジュナ・オルタ	阿周那·Alter	阿周那．Alter	498
ゲオルギウス	乔尔乔斯	聖喬治	497
ダ・ヴィンチちゃん			496
ラニ＝ⅩⅡ	拉妮－ⅩⅡ	拉妮＝ⅩⅡ	490
アン	安妮	安妮	483
ソロモン	ソロモン	所羅門	483
杉谷善住坊	杉谷善住坊	杉谷善住坊	483
メアリー	玛莉	瑪莉	482
イスカンダル	伊斯坎达尔	伊斯坎達爾	477
サンタオルタ	圣诞Alter	聖誕Alter	476
胤舜	胤舜	胤舜	475
花咲翁	花咲翁		474
アタランテ	阿塔兰忒	阿塔蘭塔	473
サロメ	莎乐美	莎樂美	472
静謐のハサン	静谧哈桑	靜謐的哈桑	472
望月千代女	望月千代女	望月千代女	464
河上彦斎	河上彦斎		464
アデーレ	阿黛勒	愛黛兒	459
両儀式	两仪式	兩儀式	451
リチャード			449
ライダー	Rider	Rider	448
ジナコ	吉娜可	吉娜可	445
殺生院リリィ			445
徴弐	征贰	徵貳	441
平景清	平景清	平景清	440
百貌のハサン	百貌哈桑	百貌的哈桑	438
ペンテシレイア	彭忒西勒亚	彭忒西勒亞	436
ヒロインＸＸ	女主角XX	女主角XX	432
神父	神父	神父	432
久遠寺有珠	久远寺有珠	久遠寺有珠	428
新宿のアサシン	新宿的Assassin	新宿的Assassin	428
蘭丸Ｘ	蘭丸Ｘ		428
サンタカルナ	圣诞迦尔纳	聖誕迦爾納	422
ディオスクロイ・カストロ	狄俄斯库里·卡斯托耳	狄奧斯庫洛伊．卡斯托耳	421
大統領			420
ルビー	红宝石	紅寶石	419
槻司鳶丸			414
黄飛虎	黄飛虎	黃飛虎	414
ツタンカーメン	ツタンカーメン	圖坦卡門	410
曲亭馬琴	曲亭馬琴	曲亭馬琴	410
裁判長	审判长		408
アシュタレト	阿斯塔蒂	阿斯塔特	404
スパルタクス	斯巴达克斯	斯巴達克斯	404
ヘファイストス	赫淮斯托斯	赫菲斯托斯	404
アルテラ	阿蒂拉	阿蒂拉	403
アーサー	亚瑟	亞瑟	403
ゴルゴーン	戈耳工	戈爾貢	403
伊東甲子太郎			403
賢人グリム	贤者格里姆	賢者格里姆	403
近藤勇	近藤勇		403
デイビット	戴比特	戴比特	400
メカエリチャンⅡ号機	机械伊丽亲Ⅱ号机	機械伊莉醬Ⅱ號機	397
俵藤太	俵藤太	俵藤太	397
テル	退尔	泰爾	393
秦良玉	忠贞	秦良玉	392
なぎこ			388
オキタ・Ｊ・ソウジ	オキタ・Ｊ・ソウジ	沖田・J・總司	388
ジル	吉尔	吉爾	386
ローラン	罗兰	羅蘭	386
ムリアン	缪瑞恩	姆莉安	385
藤堂平助	藤堂平助		382
エウロペ	欧罗巴	歐羅巴	381
小野小町	小野小町		380
美遊	美遊	美遊	380
Ⅱ号機	Ⅱ号机	Ⅱ號機	377
ハサン	哈桑	哈桑	376
ゼウス	宙斯	宙斯	374
キングプロテア	Kingprotea	Kingprotea	373
テノチティトラン	特诺奇蒂特兰	特諾奇提特蘭	370
アヴェンジャー	Avenger		368
原田左之助	原田左之助		364
お竜さん	お竜さん		362
妖精騎士ランスロット	妖精骑士兰斯洛特	妖精騎士蘭斯洛特	362
マリー・オルタ	玛丽·Alter	瑪莉．Alter	359
ナイチンゲール・サンタ	ナイチンゲール・サンタ	南丁格爾．Santa	358
マリー・アントワネット	玛丽·安托瓦内特	瑪莉．安東尼	355
静希草十郎	静希草十郎	靜希草十郎	355
オルトリンデ	奥特琳德	奧特琳德	352
マナナン	玛娜南	瑪娜南	351
お栄	阿荣	阿榮	350
アレキサンダー	亚历山大	亞歷山大	349
イヴァン雷帝	伊凡雷帝	伊凡雷帝	349
フィン・マックール	芬恩·麦克库尔	芬恩．麥克庫爾	349
キャスター	キャスター	Caster	347
カリギュラ	卡利古拉	卡利古拉	346
レオニダス	列奥尼达	列奧尼達	346
トネリコ	梣	托內莉可	344
巌窟王モンテ・クリスト	岩窟王基督山	巖窟王基督山	342
ドゥムジ	杜木兹	杜木茲	335
アステリオス	阿斯忒里俄斯	阿斯忒里翁	334
バニヤン	班扬	班揚	334
カリオストロ	卡利奥斯特罗	卡廖斯特羅	333
ペペロン伯爵	佩佩隆伯爵	佩佩隆伯爵	331
言峰綺礼	言峰绮礼	言峰綺禮	331
項羽	重瞳	項羽	331
ネモサンタ	尼莫圣诞	尼莫聖誕	328
イスカリ	伊斯卡利	伊斯卡利	326
丑御前	丑御前	丑御前	326
赤兎	丹驹	赤兔馬	325
オベロン・ヴォーティガーン	奥伯龙·伏提庚	奧伯隆．沃帝根	324
ゲルダ	格尔达	格爾達	324
ステンノ	斯忒诺	絲忒諾	324
沖田	冲田	沖田	323
男	男人	男人	320
クロード			317
ヒルド	希露德	希露德	317
謎の代行者C.I.E.L	谜之代行者C.I.E.L	謎之代理人C.I.E.L	317
ＸＸ・オルタ	ＸＸ·Alter	ＸＸ．Alter	317
ハサラ	哈撒拉	哈撒拉	314
アイリーン	艾琳		310
小次郎	小次郎	小次郎	310
ウッドワス	伍德沃斯	伍德沃斯	309
アポロン	阿波罗	阿波羅	308
カマソッソ	卡玛佐茨	卡瑪佐茲	307
お路			305
フェイカー			305
アニング	アニング		303
妖精騎士ガウェイン	妖精骑士高文	妖精騎士高文	301
二人	二人	二人	299
勝海舟			299
紅玉の書			298
テセウス	忒修斯	忒修斯	297
ボガード	博格特	博格特	297
アイリスフィール	爱丽丝菲尔	愛麗絲菲爾	296
プロフェッサーＭ			296
フィン	芬恩	芬恩	294
ときこ			292
モレーちゃん			291
セレシェイラ	塞蕾雪拉	塞蕾雪拉	289
ネロ・ブライド	尼禄·新娘	尼祿．Bride	288
蛇竜人			288
桂木千鍵	桂木千鍵		281
キングプロテア・オルタ	Kingprotea Alter	Kingprotea Alter	279
ドゥルガー	杜尔伽	杜爾迦	279
マリスビリー	マリスビリー	馬利斯比利	279
藤原香子	藤原香子	藤原香子	279
芹沢鴨	芹泽鸭	芹澤鴨	277
サクラ	樱	櫻	276
土方	土方	土方	276
アナ	安娜	安娜	275
オーロラ	欧若拉	奧蘿拉	272
石田三成			272
ディオスクロイ・ポルクス	狄俄斯库里·波鲁克斯	狄奧斯庫洛伊．波魯克斯	270
隈乃院ヨシスケ			269
龍馬			269
シエル	希耶尔	希耶爾	266
シラノ			266
蛍			263
エジソン・オルタ	爱迪生·Alter	愛迪生．Alter	261
松永弾正			261
飛竜	飞龙	飛龍	261
家老マシュ			258
魔王信長	魔王信長	魔王信長	258
カーター	卡特	卡特	257
スプリガン	斯普里根	斯普利根	256
キリエ	基列	基利艾	253
ジョン	约翰		253
ザッハーク			252
アショカ王	阿育王		250
クリストファー君			250
ファントム	魅影	魅影	250
藤乃			250
水着ノッブ	水着ノッブ		249
織田吉法師	織田吉法師		242
ラヴィニア	拉维尼娅	拉維尼婭	239
マキリ	玛奇里	馬奇里	237
節分大将			237
ヤラアーンドゥ			235
全員	全体	全員	235
アナウンス	广播语音	廣播語音	234
デュマ			234
信長			234
館長			234
セイバー	Saber	Saber	233
陳宮	陈宫	陳宮	233
ホプキンス	霍普金斯	霍普金斯	232
おぬい	阿缝	阿縫	230
バーサーカー・衆合地獄	Berserker 众合地狱	Berserker．眾合地獄	229
ヘファイスティオン	ヘファイスティオン	赫費斯提翁	229
イプシロン	イプシロン		228
ブリトマート	ブリトマート	布里托瑪特	227
フレッカス			225
ジュリエット			221
ＤＯＭＡＮ			218
終わりのエリザベート	終わりのエリザベート		216
メリュジーヌ	メリュジーヌ	美露莘	215
妖精騎士トリスタン	妖精骑士崔斯坦	妖精騎士崔斯坦	215
恐竜王	恐龙王	恐龍王	214
髭黒			213
ライノール	莱诺尔	雷諾爾	212
レフ	雷夫	雷夫	211
マリス	マリス		210
アンソニー	安东尼	安東尼	208
ジル・ド・レェ	吉尔·德·雷	吉爾．德．萊斯	208
ニトクリス・オルタ	尼托克丽丝·Alter	尼托克里絲．Alter	208
アグラヴェイン	阿格规文	亞格拉賓	206
トラロック	特拉洛克	特拉洛克	205
上杉謙信	上杉謙信	上杉謙信	199
クラス・セイバー	职阶·剑士	職階．Saber	196
レッドラ・ビット	瑞德拉·比特	瑞德拉．比特	195
以蔵			193
黄幡神・蘆屋道満	黄幡神·芦屋道满	黃幡神．蘆屋道滿	193
神たるアルジュナ	身为神的阿周那	身為神的阿周那	192
足軽ノッブ			192
邪竜			192
クラス・アサシン	职阶·暗匿者	職階．Assassin	191
芥ヒナコ	芥雏子	芥雛子	191
ブラヴァツキー	布拉瓦茨基	布拉瓦茨基	190
乙姫清姫			190
イシュキック	希基克	希基克	188
キングゥ	金固	金固	188
声	声音	聲音	188
服部武雄			187
アーシャ	爱夏	愛夏	185
エフェメロス			184
リンド	リンド		184
日比乃ひびき	日比乃ひびき		184
クラス・ライダー	职阶·骑兵	職階．Rider	181
コスモティック・ビューティ夫人			181
ファンタズムーン	Phantasmoon		181
ロムルス	罗穆路斯	羅慕路斯	181
獅子王	狮子王	獅子王	181
駒姫	駒姫		181
暗黒武者ＭＵＮＥＮＯＲＩ			180
サバージオス			179
ネモ・エンジン	尼莫引擎	尼莫輪機長	178
わらし			177
キャスター・リンボ	Caster Limbo	Caster．Limbo	177
アズライール	アズライール		176
太歳星君	太岁星君	太歲星君	175
海幸彦	海幸彦		175
クコチヒコ			174
ふーやーちゃん			171
アルトリア・ルーラー	阿尔托莉雅·裁定者	阿爾托莉亞．Ruler	171
メフィスト			171
黒の剣士			171
吉田総帥			170
マシュ《ナレーター》	玛修《旁白》	瑪修《旁白》	169
ミカ			169
水妃モルガン			168
ライダー・黒縄地獄	Rider 黑绳地狱	Rider．黑繩地獄	167
伍			167
武市瑞山	武市瑞山		167
アフロディーテ	阿佛洛狄忒	阿芙蘿黛蒂	164
偽ゲオルギウス			164
木乃美芳助			164
アトランティス防衛兵	亚特兰蒂斯防卫兵	亞特蘭提斯防衛兵	163
ロムルス・クィリヌス	罗穆路斯·奎里努斯	羅慕路斯=奎里努斯	163
エルロン	艾尔隆	艾爾隆	162
キレーちゃん			162
ノア	ノア		162
フランチェスカ			162
ロマニ・アーキマン	罗玛尼·阿其曼	羅馬尼．阿基曼	160
少女	少女	少女	160
キャプテン	船长	船長	158
ランサー	Lancer	Lancer	158
天塚先輩	天塚前辈	天塚前輩	158
海賊	海盗	海盜	158
ヤガ叛逆軍	雅嘎反叛军	雅嘎反叛軍	157
ユニヴァース・アポロン			157
アサシン・パライソ	Assassin Paraiso	Assassin．Paraiso	156
アーキタイプ：アース	Archetype：Earth	Archetype：Earth	156
ミス・ブーツライン			156
名無しの亀			154
ウルズ	乌尔德		153
少年	少年	少年	153
ＢＢリリィ			153
ムネーモシュネー	谟涅摩叙涅		152
ローマ			152
源為朝	源为朝	源為朝	152
アーチャー	Archer	Archer	151
レオン			150
姫子	姬子	姬子	150
松平信綱	松平信纲		150
ゲーティア	盖提亚	蓋堤亞	148
阿曇磯良	阿曇磯良		148
神官ヴクブ	神官乌库伯	神官烏庫伯	147
魔術師	魔术师	魔術師	147
エリス			145
アムール	アムール	埃莫	144
アッド	亚德		141
アンキ・エレシュキガル	安基埃列什基伽勒	安祺埃列什基伽勒	141
イシュタル実況			141
フラット	弗拉特		141
黒獅子			140
アントニオ			139
雑賀孫一	雑賀孫一	雜賀孫一	137
ＡＡＡ	ＡＡＡ		137
地右衛門			136
教授	教授		136
杉谷			135
祭祀長シドゥリ	祭祀长西杜丽	祭祀長西杜麗	135
ネモ・ナース	尼莫护士	尼莫護士	134
ホーソーン			133
エリザベート（ブレイブ）	伊丽莎白（勇者）	伊莉莎白（Brave）	132
ケツァルマスク			132
アンリマユ	安哥拉曼纽	安格拉曼紐	131
カリオストロ・ヘッド	卡利奥斯特罗之首	卡廖斯特羅之首	131
プロメテウス＝ヘファイストス	普罗米修斯·赫淮斯托斯	普羅米修斯＝赫菲斯托斯	131
清子	清子	清子	131
秋葉ねろ			131
村人	村民	村民	130
藤原道長	藤原道长	藤原道長	129
エドモン・ダンテス	爱德蒙·唐泰斯	愛德蒙．唐泰斯	127
ゴージャスＰ			127
兵士	士兵	士兵	127
老人	老人	老人	127
語り部のキャスター			127
造形王			127
高長恭	高长恭	高長恭	127
セイバーオルタ	Saber Alter	Saber Alter	126
ワクチャン	瓦克昌	瓦克昌	126
リカルド	卡尔多	卡爾多	124
謎のレーサーＸ			124
シーボルト			123
ナウクラテー	瑙克拉忒		123
マイケル			123
グランマリー	グランマリー		122
スペース徐福	太空方巿	太空徐福	121
護法少女			121
猪八戒	猪八戒	豬八戒	120
歳刑神・平景清	岁刑神·平景清	歲刑神．平景清	118
空中の文字	空中的文字	空中的文字	118
ジャンヌ・ダルク	贞德	貞德	117
スペース・オデュッセウス	太空奥德修斯	太空奧德修斯	117
ロブ	罗布	羅布	117
山の翁	“山中老人”	“山之翁”	117
長老			117
アーチャー・インフェルノ	Archer Inferno	Archer．Inferno	116
信勝			116
サン			115
デメテル・エリニュス	得墨忒耳·厄里倪厄斯		115
ブラック・ケツァルマスク			115
叔母	阿姨	阿姨	115
神王ラックランド	神王拉克兰		115
騎士	骑士	騎士	115
千代女	千代女	千代女	114
大黒天	大黑天	大黑天	114
解明者	解明者		114
執筆中の作家			113
妖精たち	妖精们	妖精們	113
トトロット	特特洛特	特特洛特	112
ダユー	达尤	達尤	111
果心居士	果心居士	果心居士	111
スマホさん			110
エルン	エルン		109
エレノア			109
一同		全員	109
サンタアイランド仮面	圣诞岛假面	聖誕島假面	108
ランサー・プルガトリオ	Lancer Purgatorio	Lancer．Purgatorio	108
灰纏い			108
韓信	韩信	韓信	108
アーノルド			107
ソニックマッハ・ジェッター			107
サファイア			106
カーリー	迦梨	迦梨	105
今川義元			105
明智光秀	明智光秀		105
羅刹王・髑髏烏帽子蘆屋道満	罗刹王·骷髅乌帽子芦屋道满	羅剎王．骷髏烏帽子蘆屋道滿	105
ラニ＝Ｒ	拉妮－Ｒ	拉妮＝Ｒ	104
アラン			103
イルス	イルス		103
カルデアスタッフ	迦勒底工作人员	迦勒底工作人員	103
判事	法官	法官	103
鬼王朱裸			103
小野篁	小野篁		102
店主の妖精	店主妖精	店主妖精	101
チビーネ			100
北の軍神			100
皇女	皇女	皇女	100
両儀さん			99
伯爵	伯爵	伯爵	99
記録者			99
アオイ			98
クラス・キャスター	职阶·魔术师	職階．Caster	98
ケツァル・コアトル・サンバ・サンタ	魁札尔·科亚特尔·桑巴·圣诞		98
妖術師	妖术师	妖術師	98
テオブローマン			97
リリィ			97
ロクジョウ			97
コーラル	科拉尔	柯拉爾	96
佐々木小次郎	佐佐木小次郎	佐佐木小次郎	96
沙悟浄	沙悟净	沙悟淨	96
蛇女房	蛇女房		96
ウルク兵士	乌鲁克士兵	烏魯克士兵	95
ゴールデン・ヒュージ・ベアー号	黄金巨熊号	黃金巨熊號	95
謎の富豪			95
エリザベート（ハロウィン）	伊丽莎白（万圣节）	伊莉莎白（萬聖節）	94
ギャラハッド	加拉哈德	加拉哈德	94
ロベール			94
玉兎	玉兔		94
Ｈ・Ｃ・Ａ			94
アサシン	Assassin	Assassin	93
アーロン			93
テノチティトラン・バニー	特诺奇蒂特兰·兔女郎	特諾奇提特蘭．兔女郎	93
ネモ・ベーカリー	尼莫烘焙坊	尼莫烘焙師	93
子供	孩子	孩子	93
バーサーカー	Berserker	Berserker	92
雀	麻雀	麻雀	92
オシリスの塵	奥西里斯之尘	歐西里斯之塵	91
オボロ			91
キャスターのマスター	Caster的御主	Caster的御主	91
サラザール			91
タカスギ			91
耀星のハサン	耀星哈桑	耀星的哈桑	91
アクアマリー	アクアマリー		90
ダークえっちゃん	黑暗小艾	黑暗X醬	90
三人	三人	三人	90
円卓軍の兵士	圆桌军士兵	圓桌軍士兵	89
大黒天１号			89
水着獅子王			89
シュシャ			88
メルセデス			88
スペース・エレシュキガル	太空埃列什基伽勒	太空埃列什基伽勒	87
うりぼう			86
デュボワ夫人			86
白い礼服の少女	身穿白色礼裙的少女	身穿白色禮服的少女	86
おたま	小玉	小玉	85
シートン（？）	西顿（？）	西頓（？）	84
ドーヴ			84
えっちゃん			83
テオ	テオ	西奧	83
人工知能	人工智能	人工智慧	82
衛士長	卫士长	衛士長	82
人斬り新兵衛			81
氷雪の女王	冰雪女王	冰雪女王	81
羊のお兄さん			81
ガルシア			80
マーブル			80
四奸六賊			80
摩玖主大僧正	摩玖主大僧正		80
お虎			79
イシドロ			79
エイリーク	埃里克	埃里克	79
エウリュステウス			79
ナビゲーター	ナビゲーター		79
ヘラクレス	赫拉克勒斯	赫拉克勒斯	79
メイヴ監獄長			79
ＣＥＯ			78
アシュタレト・オリジン			77
デビルカレン	恶魔卡莲	惡魔卡蓮	77
フランケンシュタイン	弗兰肯斯坦	弗蘭肯斯坦	77
幼子	幼童	幼童	77
村長ヤガ	村长雅嘎	村長雅嘎	77
アルクェイド			76
クラス・アーチャー	职阶·弓兵	職階．Archer	76
ダレイオス三世	大流士三世	大流士三世	76
太公望（実況）			76
発明王エジソン	发明王爱迪生	發明王愛迪生	76
ＧＯ			76
【怠惰】	【怠惰】		75
イアソンくん			75
エクター	埃克特	埃克特	75
Ｍ	M	M	75
ヘシアン	黑森	海森	74
海賊Ｃ	海盗C	海盜C	73
長刀の剣士	长刀剑士	長刀劍士	73
クラス・ランサー	职阶·枪兵	職階．Lancer	72
ゴールデンＢＢ	黄金ＢＢ	黃金ＢＢ	72
ニンキガル	宁基伽勒	寧基伽勒	71
ハロウィン騎士			71
ミゲル			71
太刀の男	佩太刀的男子	佩太刀的男子	71
スタッフ	工作人员	工作人員	70
トリストラム	崔斯特拉姆	崔斯特拉姆	70
ニキチッチ（偽）			70
四不相	四不相	四不相	70
エリザ・パヴォニス			69
女	女性	女性	69
絶対勝利のジークフリート			69
セイバー・リリィ	Saber Lily	Saber Lily	68
ユウガオ			68
車掌			68
ＤＸ	ＤＸ	ＤＸ	68
クーちゃん			67
ティーチ	蒂奇	蒂奇！	67
ヴァジュラ			67
摩玖主のキャスター			67
海道覇皇『ウジザネ』			67
ハリエット			66
ミスターＫ			65
呂布	吕布	呂布	65
妹	妹妹	妹妹	65
母	母亲	母親	65
魔性菩薩	魔性菩萨	魔性菩薩	65
《秋葉原》のマスター			64
ナレーション			64
フーカ先生	芙卡老师	芙卡老師	64
プラカシュ	普拉喀什	普拉喀什	64
ヘシアン・ロボ	黑森·罗伯	海森．羅伯	64
猿長者			64
魔王ノッブ			64
アマデウス・オルタ	阿马德乌斯·Alter	阿瑪迪斯・Alter	63
カリオストロ・オルタ	卡利奥斯特罗·Alter	卡廖斯特羅．Alter	63
キニゴス	喀尼戈斯	喀尼戈斯	63
ケイネス			63
ケツァル・コアトル副監獄長			63
異星の巫女？	異星の巫女？	異星巫女？	63
ウィツィロポチトリ	ウィツィロポチトリ	維齊洛波奇特利	62
ジニー			62
概要			62
魔人アーチャー			62
クリス			61
サラリーマン			61
吉田松陰			61
怪人∞面相			61
謎のお兄さん			61
鮮血のウィドウヒルト			61
ウェイバー			60
助六			60
市民	市民	市民	60
機械化兵	机械化士兵	機械化士兵	60
鬼女紅葉	鬼女紅葉	鬼女紅葉	60
%1	%1	%1	59
チャッカリム	查卡里姆	查卡里姆	59
ブリトマート・オルタ	布里托玛特·Alter	布里托瑪特．Alter	59
ミラー	米拉	米拉	59
モーリス			59
名も無きアサシン			59
精悍な青年	精悍的青年	精悍的青年	59
マスカレイド伯爵			58
尊子	尊子	尊子	58
牛魔王	牛魔王	牛魔王	58
アジャイ	阿贾伊	阿賈伊	57
スタルジオ	斯忒尔吉奥		57
レイヴン			57
愉快なライダー	愉快なライダー		57
斬ザブロー	斬ザブロー		57
時空を旅する紳士	时空旅行的绅士	時空旅行的紳士	57
アダムスカ			56
エリザ・アルシア			56
カレンちゃん			56
ジャンヌオルタ	贞德 Alter	貞德．Alter	56
ダゴン			56
竹取の翁			56
Ｓ・ファンタズムーンＶ			56
エリザベートＪＡＰＡＮ			55
カロン			55
ゴッドカレン			55
ハイド	海德	海德	55
メイドイン彦斎			55
レディ			55
神殿音声	神殿语音	神殿語音	55
遊び人の金さん			55
黒いマリー			55
コン	涳	涳	54
シータ	悉多	悉多	54
ドロシー			54
ワグ	瓦格	瓦格	54
孫悟空	孙悟空	孫悟空	54
歳殺神・俵藤太	岁杀神·俵藤太	歲殺神．俵藤太	54
言峰神父			54
遮那王			54
スターシエル	スターシエル		53
ダーニック			53
バーサーク・アサシン	狂化暗匿者	狂化Assassin	53
ミスター・チン			53
ヤガ市民	雅嘎市民	雅嘎市民	53
大黒天２号			53
女性	女性	女性	53
業炎のワタナベ			53
謎の少女			53
農夫Ａ	农夫A	農夫A	53
黒い影	黑影	黑影	53
うりぼう長			52
アマゾネス	亚马逊人	亞馬遜人	52
イシュタリン			52
イシュタル・アシュタレト			52
エルメロイⅡ世（少年）	埃尔梅罗Ⅱ世（少年）	埃爾梅羅（少年）	52
デメテル・オリジン			52
同人仙人			52
名も無きマスター			52
宣教師	传教士	傳教士	52
お猶	阿犹	阿猶	51
オプリチニキ	亲卫队	特轄軍	51
ラフム	拉赫穆	拉赫穆	51
武田信玄	武田信玄		51
門番	门卫		51
キャプテン・スカサハ			50
タラスク			50
マックスウェル	麦克斯韦		50
煉獄オルタ			50
鮫			50
ケイン			49
ベン	本	班	49
謎の青年	谜之青年	謎之青年	49
豹尾神・鈴鹿御前	豹尾神·铃鹿御前	豹尾神．鈴鹿御前	49
徳川ゴルドルフ			48
玉座に集まった妖精たち	聚集在玉座的妖精们	聚集在玉座的妖精們	48
アサシン？	Assassin？	Assassin？	47
アナウンスＡ	广播语音A	廣播語音A	47
エリザ・アスクレウス			47
デイノニクス11兄弟・七男	恐爪龙十一兄弟·老七	恐爪龍十一兄弟．老七	47
今魔川兵			47
妖精の少女	妖精少女	妖精少女	47
SE.RA.PHキアラ			46
アレクセイ	阿列克谢	阿列克謝	46
デメテル？	得墨忒耳？	狄蜜特？	46
船内ガイド	船内导航	船內導航	46
スタッフＢ	工作人员B	工作人員B	45
ルシュド	鲁世德	魯世德	45
ログレス	洛格雷斯		45
妖精の衛士	妖精卫士	妖精衛士	45
謎のアラフィフ			45
魔神フェニクス	魔神菲尼克斯	魔神菲尼克斯	45
ＬＳハンター・パープル			45
アステリオス？	阿斯忒里俄斯？	阿斯忒里翁？	44
カイザー・ノブナガ			44
カーミラ看守			44
ガウェイン・ザ・マッシュ			44
サリエリ先生	萨列里老师	薩里耶利老師	44
スイートウィッチ			44
ソウスケ			44
テスタメント			44
大焔炎伊吹童子			44
天逆神			44
女神コロンビア			44
鬼			44
アニス	安妮丝	阿妮絲	43
教頭	教导主任	教務主任	43
暴君			43
東部の子供たち	东部的孩子们	東部的孩子們	43
機械音声	机械语音	機械語音	43
父親	父親		43
甘い女の声			43
羅刹女	罗刹女	羅剎女	43
黒髭の鬼			43
ちびノブ隊長			42
ミコケル			42
牛若丸？	牛若丸？	牛若丸？	42
農夫Ｂ	农夫B	農夫B	42
電話の主			42
アドリアナ			41
エヴァ			41
サンタズムーン	サンタズムーン		41
ヤガ	雅嘎	雅嘎	41
ルキウス	卢修斯	盧修斯	41
盗賊	盗贼	盜賊	41
蛇庄屋			41
魔・沖田総司	魔·冲田总司	魔．沖田總司	41
お兄さん			40
お瀧さん			40
カジノ魔王			40
カルデア技師	迦勒底技师	迦勒底技師	40
子供Ａ	孩童A	孩童A	40
幼いわたし	年幼的我	年幼的我	40
明里			40
歌川豊国			40
白衣の男性			40
謎の不動産業者			40
「Ｐ」	「P」	「P」	39
クリングゾール	克林索尔	克林索爾	39
ドルセント			39
今川氏真			39
士官			39
猿面の怪			39
難民の男性	男性难民	男性難民	39
とおりすがりの麗人			38
オデュッセウス・オルタ			38
オリュンポス市民	奥林波斯市民	奧林帕斯市民	38
キングサンタ			38
スーパー卑弥呼			38
ビリー・ザ・フラッシュ			38
ランサーオルタ			38
子供Ｂ	孩童B	孩童B	38
沖田さん			38
獅子心王			38
薄幸の巫女忍者			38
コスモキャット・キャット			37
ゴッホの絵筆？	梵高的画笔？	梵谷的畫筆？	37
セリエナ	塞莉耶娜		37
チビドラゴン			37
ブラックサンタ			37
ムラサキ			37
桜セイバー			37
浅井茶々			37
粛正騎士	肃正骑士	肅正騎士	37
足軽沖田さん			37
鞭の鬼			37
talkie			36
ふじのん			36
アスカラポス	阿斯卡拉福斯		36
アヤ＝メル・ケーカ社長			36
アーサメ			36
ジャック（バーサーカー）			36
ティミ	提弥	提彌	36
フードの男	戴着兜帽的男人	戴著兜帽的男人	36
医者	医生	醫生	36
女武者			36
女王騎士			36
机の上の虫	桌上的虫子	桌上的蟲子	36
源満仲	源满仲	源滿仲	36
紅孩児	红孩儿	紅孩兒	36
紅閻魔・オルタ	红阎魔·Alter	紅閻魔．Alter	36
お花			35
アネト号			35
城勤めの武士	城中任职的武士	城中任職的武士	35
女性の声	女性的声音	女性的聲音	35
悪しきガルラ霊			35
騎士ポーチュン	骑士波琼	騎士波瓊	35
テオドリック・オルタ	狄奥多里克·Alter	狄奧多里克．Alter	34
トマス・ドウティ	托马斯·多迪	湯瑪斯‧多迪	34
ナイチンゲール看守			34
モリアーティ（？）	莫里亚蒂（？）	莫里亞蒂（？）	34
ヤガ（子供）	雅嘎（孩童）	雅嘎（孩童）	34
女の子	女孩子	女孩子	34
書記官メルディック	书记官梅尔迪克	書記官梅爾迪克	34
柴田勝家	柴田胜家		34
毛の生えた蛇竜人			34
海賊Ａ	海盗A	海盜Ａ	34
酷吏	酷吏	酷吏	34
鬼柴田			34
がっしりした蛇竜人			33
マスター	御主	御主	33
マーリン（解説）			33
ラニ＝Ｔ	拉妮－Ｔ	拉妮＝Ｔ	33
ロンディニウムの少年	伦蒂尼恩的少年	倫蒂尼恩的少年	33
ヴィクター	维克多	維克多	33
佐々木			33
天の衣	天之衣		33
奇兵隊員			33
工場長			33
折田さん	折田同学	折田同學	33
町民	市民	市民	33
畑の妖精	农田的妖精	農田的妖精	33
盗賊頭			33
罪人	罪人		33
ウィリアム			32
オーロラの声	欧若拉的声音	奧蘿拉的聲音	32
ティテュバ	提图芭	提圖芭	32
トキオミという名の男			32
バーサーク・ランサー	狂化枪兵	狂化Lancer	32
マイク			32
ミノタウロス	弥诺陶洛斯	彌諾陶洛斯	32
ライオンマン			32
南光坊天海			32
男性	男性	男性	32
第１６代将軍・徳川クロフネ			32
謎の黒騎士			32
雨の魔女トネリコ	雨之魔女梣	雨之魔女托內莉可	32
魔獣ルクスリア			32
アマノサカガミ			31
ウィンキー	温基	溫奇	31
トキオミ教授			31
トントゥ			31
ネコアルクＶ			31
バベジン			31
ミズ・ロンドン	伦敦女士	倫敦女士	31
手下の妖女	部下的妖女	部下的妖女	31
源氏郎等	源氏家臣	源氏家臣	31
炎の快男児	火焰的好男儿	火焰的好漢	31
異星の巫女	异星巫女	異星巫女	31
通信記録	通讯记录	通訊紀錄	31
魔猪	魔猪	魔豬	31
お国			30
シドニー・ハーバート	西德尼·赫伯特	席德尼．賀伯特	30
テュフォン			30
ペルセイス島住民	珀耳塞伊斯岛居民	珀耳塞伊斯島居民	30
ローブの人物	穿斗篷的人物	穿斗篷的人物	30
目慈恵怒			30
織田信勝（ノッブIN）			30
羊飼い	牧羊人	牧羊人	30
魔神バアル	魔神巴力	魔神巴力	30
黄金の大武者	黄金大武者	黃金大武者	30
黒いイシュタル？			30
『神父』の使い魔			29
かしんこちゃん			29
カルデアの者	迦勒底之人	迦勒底之人	29
ストリートアイドル・少女Ａ			29
デミ・フェット	迪米·费特	迪米．費特	29
トリムマウ	特里姆玛乌	托利姆瑪鎢	29
トントゥたち			29
ハロバロミア	哈罗巴洛米亚	哈羅巴羅米亞	29
司会者の妖精	司仪妖精	司儀妖精	29
士郎さん			29
大いなる石像神	伟大的石像神		29
小動物			29
暗がりの商人			29
森蘭丸			29
武市半平太			29
観測装置	観測装置		29
超千利休			29
逸れのルーラー			29
黒い少女			29
お姉さん			28
ウァレンティヌス			28
ゴースト	鬼魂	鬼魂	28
セイバー・エンピレオ	Saber Empireo	Saber． Empireo	28
ソールズベリーの兵士・Ａ	索尔兹伯里的士兵A	索爾茲伯里的士兵A	28
ドーガ	多加	多加	28
ヒロインＸ			28
ヘラクレス島住民	赫拉克勒斯岛居民	赫拉克勒斯島居民	28
ホテルスタッフ			28
マリー？	玛丽？	瑪莉？	28
光のコヤンスカヤ	光之高扬斯卡娅	光之高揚斯卡婭	28
名なしの妖精	无名的妖精	無名的妖精	28
太上老君	太上老君	太上老君	28
失意の庭のアルトリア	失意之庭的阿尔托莉雅	失意之庭的阿爾托莉亞	28
女王			28
女魔術師			28
李白	李白	李白	28
獨角兕大王	独角兕大王	獨角兕大王	28
超ベイビィカレン			28
配膳ロボット	配餐机器人	送餐機器人	28
駒鳥			28
魔神フラウロス	魔神佛劳洛斯	魔神佛勞洛斯	28
黒い服の男			28
黒幕			28
ひび割れた男	龟裂的男人	龜裂的男人	27
アスカラポス＝アケローン			27
ゴッド・ブレス・エジソン			27
ゴリウー系女王			27
シリウス	シリウス		27
チョコレートの精霊			27
テオ＝ツタンカーメン			27
フジツボ			27
プレラーティズ			27
ミス・クレーン（本質体）			27
ローマ兵	罗马士兵	羅馬士兵	27
真田エミ村			27
神霊アストライア	神灵阿斯特赖亚	神靈阿斯特蕾亞	27
虎名主			27
観客			27
闇のコヤンスカヤ	暗之高扬斯卡娅	暗之高揚斯卡婭	27
黒騎士	黑骑士	黑騎士	27
エロース			26
クリシュナ	奎师那	奎師那	26
クリストファー			26
サーヴァント	从者	從者	26
スパルタクスＰ・Ｘ			26
ハーゲン	哈根	哈根	26
マックスウェルの悪魔	麦克斯韦妖	馬克士威妖	26
北斎の娘			26
官軍			26
従業員			26
武士			26
牧師	牧师	牧師	26
獣人	兽人	獸人	26
玉兎輝夜			26
王の氏族たち	王之氏族们	王之氏族們	26
真祖の姫			26
真紅の大武者	绯红的大武者	緋紅的大武者	26
神秘的な美女			26
第七天魔王ノブナカッツ			26
紳士と獅子	绅士与狮子	紳士與獅子	26
隊士	队员	隊員	26
雀（五官）			26
７人目の妖精	第七个妖精	第七個妖精	26
Ｚ			26
ウル市民	乌尔市民	烏爾市民	25
オリュンポスの双子	奥林波斯的双胞胎	奧林帕斯的雙胞胎	25
キャスター・リンボ？	Caster Limbo？	Caster．Limbo？	25
クアウトリ	夸乌特利	夸烏特利	25
ゲーリュオーン	革律翁		25
スターシップ・アフロディーテ	星舰·阿佛洛狄忒	星艦．阿芙蘿黛蒂	25
スターシップ・デメテル	星舰·得墨忒耳	星艦．狄蜜特	25
スペーストシゾー	宇宙岁三	宇宙歲三	25
チカちゃん			25
マガツ弾正			25
マスク・ド・バリツ	Masked Baritsu	Masked Baritsu	25
ライトアーム課長			25
光秀			25
兵卒			25
失意のあなた	失意的你	失意的你	25
奄美少将			25
女王の家来	女王的家臣	女王的家臣	25
市民Ａ	市民A	市民A	25
店員さん			25
村長	村长	村長	25
第六天魔王・明智光秀			25
謎の老婆			25
開祖の霊			25
難民の女性	女性难民	女性難民	25
高千穂の大蛇			25
ガブリエラ			24
キザな蛇竜人			24
ペルセイス島の狩人	珀耳塞伊斯岛的猎人	珀耳塞伊斯島的獵人	24
信徒			24
船員“眼帯”	船员“眼带”	船員「眼帶」	24
謎の少年			24
謎の影Ａ			24
赤髪の妖精	红发妖精	紅髮妖精	24
過去のジキル	过去的杰基尔	過去的傑基爾	24
量産型コロンブス			24
お捨			23
キングサンタ１０８			23
ジウスドゥラ	朱苏德拉	朱蘇德拉	23
チンピラＡ	小混混A	小混混A	23
ネモ・マリーンＢ	ネモ・マリーンＢ	尼莫水兵B	23
バーサーク・セイバー	狂化剑士	狂化Saber	23
メヒコの王	メヒコの王		23
ランサーのマスター	Lancer的御主	Lancer的御主	23
ロビン			23
ローリー			23
仔犬			23
合成音声	合成语音	合成語音	23
善メフィスト			23
失意の庭の%1	失意之庭的%1	失意之庭的%1	23
女王軍・騎士	女王军·骑士	女王軍騎士	23
悪メフィスト			23
本			23
水着沖田さん			23
語り手	讲述者	講述者	23
魔神ラウム	魔神劳姆	魔神勞姆	23
ＰＢ			23
ご隠居			22
アビゲイル・サンタ	アビゲイル・サンタ		22
アーテー			22
ウルク市民	乌鲁克市民	烏魯克市民	22
カーター《ラウム》	卡特《劳姆》	卡特《勞姆》	22
キングエリザ			22
クラス・バーサーカー	职阶·狂战士	職階．Berserker	22
ダーク・ラン			22
ナーサリー・ライム（？）	童谣（？）	童謠（？）	22
ネモ・マリーンＡ	ネモ・マリーンＡ	尼莫水兵A	22
ノリッジの憲兵	诺里奇的宪兵	諾里奇的憲兵	22
バーサーク・ライダー	狂化骑兵	狂化Rider	22
ラニ＝Ｂ	拉妮－Ｂ	拉妮＝Ｂ	22
リュウ			22
三河屋のハサン			22
九紋龍史進			22
九郎判官源義経			22
交換所の女性			22
京極			22
偽アルテラ			22
女海賊	女海盗	女海盜	22
家臣			22
平助の母			22
店主	店主	店主	22
店員			22
忠義の鬼			22
手紙			22
毛利メディナリ			22
混ざり合った囁き声			22
牙の氏族の頭	牙之氏族的首领	牙之氏族的首領	22
男の声	男人的声音	男人的聲音	22
穏やかなディノス	温和的迪诺斯	溫和的迪諾斯	22
老婆	老年女性	老年女性	22
花心			22
若武者	年轻武者	年輕武者	22
間桐雁夜	间桐雁夜		22
集落の女性			22
鬼の従業員			22
魔獣赫・真体			22
黄天化			22
アクマ			21
オリュンポス兵	奥林波斯士兵	奧林帕斯士兵	21
スズカ			21
セレブな客Ａ			21
ファン			21
フランチェスカ？			21
フラン（？）	弗兰（？）	弗蘭（？）	21
ミステリアン・サーヴァント１号			21
伊吹姉さん			21
偽茨木童子			21
優雅な海賊			21
冥府の王			21
友人	朋友	朋友	21
司馬懿	晋帝	司馬懿	21
技術開発部部長	技术开发部部长	技術開發部部長	21
星王女エウロペ	星公主欧罗巴	星公主歐羅巴	21
格ロエさん			21
楊貴妃Ａ			21
田中新兵衛	田中新兵卫		21
謎のエリちゃん			21
謎の男			21
警備員			21
警官	警官	警官	21
青髭	蓝胡子	藍鬍子	21
黄天祥			21
黒コートの男			21
９６８５番			21
『太陽の教え』	『太阳的教诲』	『太陽的教誨』	20
お茶だ以蔵			20
エレティコス	埃瑞提科斯	埃瑞提科斯	20
エレノアの父			20
ガウェインの兵士	高文的士兵	高文的士兵	20
クリプター	クリプター		20
ケリィ			20
コロンブス？	コロンブス？	哥倫布？	20
スペースナゴン			20
ピエロ	小丑	小丑	20
マシュ？	玛修？	瑪修？	20
ラストスロット	Last Slot	Last Slot	20
ワイアット・アープ			20
ヴィシュヌ	毗湿奴	毗濕奴	20
人間の衛士	人类卫士	人類衛士	20
子供たち	孩子们	孩子們	20
山の神			20
現地人			20
細い蛇竜人			20
臓硯			20
若き騎士			20
謎の護法少女			20
雀蜂	雀蜂	雀蜂	20
鬼壱			20
あふれ出る景清			19
アサシンの声	Assassin的声音	Assassin的聲音	19
オセロトル	奥塞洛特尔	奧塞洛特爾	19
カール大帝	卡尔大帝	卡爾大帝	19
サメドレッド			19
スタッフ（？）	工作人员（？）		19
ズェピア	ズェピア		19
テンシ			19
ドライノッブ			19
バルガス			19
バーサーカーのマスター	Berserker的御主	Berserker的御主	19
ムーン・ドバイ市民	月球迪拜市民	月球杜拜市民	19
京の女	京城的女人	京城的女人	19
偽信長			19
加齢怒様			19
司会	司仪	司儀	19
天逆鉾			19
巨人	巨人		19
桂・テスラ			19
楊貴妃Ｂ			19
男の子	男孩	男孩	19
男Ａ	男性A	男性A	19
真紅の機神	绯红的机神	緋紅的機神	19
蘆屋道満（アシスタント）			19
西郷エジモリ			19
長尾為景			19
アナスタシア（？）	阿纳斯塔西娅（？）	安娜塔西亞（？）	18
エレノアの母			18
クリスティーヌ	克里斯蒂娜	克麗絲汀	18
シゲルソン	西格森	西格森	18
スーパーイシュタル			18
ディノスたち	迪诺斯们	迪諾斯們	18
ドック・キュケオン			18
ペトルス・バルトロメオ			18
マリー・アントワネット？	玛丽·安托瓦内特？	瑪莉．安東尼	18
メガロス	巨英雄	巨英雄	18
メフィストフェレス（敵）	梅菲斯托费勒斯（敌）	梅菲斯托費勒斯（敵）	18
ヤガ市長	雅嘎市长	雅嘎市長	18
ロボ	罗伯	羅伯	18
京の子供	京城的孩子	京城的孩子	18
先生	大哥	大哥	18
古代火星人			18
呪われし少女幽霊			18
太閤秀吉			18
女の声	女性的声音	女性的聲音	18
御使い	御使	御使	18
本物信長			18
武蔵？	武藏？	武藏？	18
牙の氏族	牙之氏族	牙之氏族	18
神官黒髭			18
荒野の敗残者			18
許婚アプスー			18
謎のお手紙			18
謎の剣鬼	谜之剑鬼	謎之劍鬼	18
謎の影Ｂ			18
黄天爵			18
黄天禄			18
ＢＢペレ			18
Ｋ・ラスプーチン			18
ひびき	响		17
アブサラム	阿布萨隆	阿布薩隆	17
アマゾネスＢ	亚马逊人B	亞馬遜人B	17
オルガマリー？	オルガマリー？	奧爾嘉瑪麗？	17
クサントス	克珊托斯	克珊托斯	17
シェフィールドの兵士	谢菲尔德的士兵	雪菲爾的士兵	17
シェフィールドの衛士	谢菲尔德的卫士	雪菲爾的衛士	17
シエル先生			17
セルハン	塞尔汗	塞爾汗	17
ダーオカ			17
ツチノコ			17
ディーラー			17
ミル・ドスカラス	Mil Dos Caras	Mil Dos Caras	17
メディア店長			17
モブＩ？			17
リースＸＰ			17
ヴィイ	维	Viy	17
入り口アナウンス			17
北斎			17
匿名希望			17
妖精騎士トトロット	妖精骑士特特洛特	妖精騎士特特洛特	17
工場アナウンス			17
機械化した従業員	机械化的员工	機械化的員工	17
殺人の鬼			17
清少納言？	清少纳言？	清少納言？	17
狼	狼		17
獣国の皇女	兽国的皇女	獸國的皇女	17
現地の古精霊			17
町同心“八丁堀”			17
異星の神	异星之神		17
白い礼服の少年	身穿白色礼服的少年	身穿白色禮服的少年	17
美しき肉食獣	美丽的肉食兽	美麗的肉食獸	17
観光客Ａ			17
謎の声			17
講釈師			17
電話の声	电话里的声音	電話裡的聲音	17
魔神アンドロマリウス	魔神安杜马利乌士	魔神安杜馬利烏士	17
２人	两人	兩人	17
２号			17
うりぼうｓ			16
ごろつき			16
オンファム	翁法姆	翁法姆	16
ケツァルマスク？			16
トゥルッフ・トゥルウィス			16
ナーサリー・ライム？	童谣？	童謠？	16
パーフェクト・エリザベート			16
ベックマン	贝克曼	貝克曼	16
メカ学長			16
モルガン（解説）			16
ワニ兵士			16
人影	人影	人影	16
切り離された炎	被分离的火焰	被分離的火焰	16
叔父	叔叔	叔叔	16
土の氏族	土之氏族	土之氏族	16
獣頭の男			16
白龍馬			16
石像	石像	石像	16
管制室スタッフ	管制室工作人员	管制室工作人員	16
罪兵士	罪兵		16
聖都軍兵士	圣都军士兵	聖都軍士兵	16
艦内アナウンス	艦内アナウンス		16
観客Ａ			16
関白秀吉			16
鬼の従業員たち			16
魔獣フォルネウス			16
黒霧纏う騎士達の万雷			16
Ｋ・ラスプーチン（ゲスト解説）			16
アマゾネスＡ	亚马逊人A	亞馬遜人A	15
アロハな男			15
エリザベート（シンデレラ）	伊丽莎白（灰姑娘）	伊莉莎白（Cinderella）	15
オベロン？	奥伯龙？	奧伯隆？	15
オールド・ドバイ自警団	旧迪拜义警团员	舊杜拜巡守隊員	15
キングプレシオサウルスくん			15
キンノブ			15
スルト	スルト		15
タマモキャット１			15
バッファロー・ビル			15
パラケルスス？	帕拉塞尔苏斯？	帕拉塞爾斯？	15
ペルセポネ	珀耳塞福涅		15
ムリアンの声	缪瑞恩的声音	姆莉安的聲音	15
モッヒーエース			15
モルガンの後継者	摩根的继承者	摩根的繼承者	15
ユタ			15
レディ・アヴァロン（レポーター）			15
仮面の英霊	假面英灵	假面英靈	15
僧兵らしき男			15
優雅な紳士			15
図書館管理者	图书馆管理员		15
土田御前	土田御前		15
地球人類	地球人類		15
小為朝			15
少年の声	少年的声音	少年的聲音	15
局長			15
幽霊	幽灵	幽靈	15
御使いたち	御使们	御使們	15
時計			15
歴史研究家マシュ・キリエライト博士			15
毛利メディナガ			15
海賊たち	海盗们	海盜們	15
清姫（？）	清姬（？）	清姬（？）	15
清姫？	清姬？	清姬？	15
盗賊団のボス			15
精悍な男	精悍的男子	精悍的男性	15
綾	绫		15
若き剣士			15
観光客Ｂ			15
観客Ｂ			15
謎のウェイトレス			15
謎の副官			15
酒場の主			15
闇の新選組隊士			15
青岩院			15
魔神ゼパル	魔神桀派	魔神桀派	15
ＸＸ			15
アキバガード			14
オリュンポス正規兵	奥林波斯正规兵	奧林帕斯正規兵	14
オーロラの衛士たち	欧若拉的卫士们	奧蘿拉的衛士們	14
カジノ魔王Ⅱ世			14
カルデアス	カルデアス		14
キュケオーンのキャスター			14
コメント			14
サンタム			14
シェフィールドの妖精	谢菲尔德的妖精	雪菲爾的妖精	14
スポーツジムのお兄さん	健身房的大哥哥	健身房的大哥哥	14
セレブ	名流	名流	14
テオブロマの怪物			14
デイノニクス11兄弟	恐爪龙十一兄弟	恐爪龍十一兄弟	14
ピエール・コーション	皮埃尔·科雄	皮埃爾．科雄	14
ブルジュ・ハリファの声	哈利法塔的声音	哈里發塔的聲音	14
ブーディカ？	布狄卡？	布狄卡？	14
ヤガ盗賊	雅嘎盗贼	雅嘎盜賊	14
ワトソン	华生	華生	14
上級市民たち	上级市民们	上級市民們	14
丸顔の神父	圆脸的神父	圓臉的神父	14
侍女	侍女	侍女	14
修学旅行マシュ			14
偽タマモキャット			14
元気な蛇竜人			14
冷ややかな剣鬼	冷淡的剑鬼	冷淡的劍鬼	14
坂田金時？	坂田金时？	坂田金時？	14
天牛の欠片			14
山吹御前	山吹御前	山吹御前	14
島津セタンタ			14
揺らめく影	摇曳的影子	搖曳的影子	14
末の戦乙女	末位女武神	末位女武神	14
歌う妖精たち	歌唱的妖精们	歌唱的妖精們	14
歳殺神	岁杀神	歲殺神	14
海賊Ｂ	海盗B	海盜Ｂ	14
禿（アビゲイル）	禿童（阿比盖尔）	禿童（艾比蓋兒）	14
肉食獣じみた影	形似肉食兽的影子	形似肉食獸的影子	14
農婦Ａ	农妇A	農婦A	14
近衛騎士	禁卫骑士	禁衛騎士	14
通りすがりのセレブ			14
金角	金角	金角	14
青年			14
魔女			14
魔神柱アンドラス			14
黒い巨人			14
ＢＢナビ			14
【朱之介】			13
おじいさん			13
アヴェンジャー・淀			13
シャイニースター			13
ジャンヌ《マシュ》	贞德《玛修》	貞德《瑪修》	13
ナレーター			13
メイド			13
ヤガの男	雅嘎男子	雅嘎男子	13
レジスタンスの少年	反抗者少年	反抗者少年	13
偽沖田			13
垢溜まりの魔女	满身污垢的魔女	滿身污垢的魔女	13
大奥女中Ａ			13
宮部鼎蔵			13
家人	家仆	家僕	13
少女たち	少女们	少女們	13
悪の高杉社長			13
戦国維新ナガオカゲトラ			13
放送用ゲイザー			13
新選組隊士			13
派手な男			13
版元“西村屋”			13
用心棒“お萌”			13
看守	看守	看守	13
知らない女の子			13
自動アナウンス			13
豊臣ギル吉			13
赫瞳の剣士	赤瞳的剑士	赤瞳的劍士	13
集落の子供			13
魔神柱	魔神柱	魔神柱	13
Ｅ・フラン	E·弗兰	E．弗蘭	13
ぐっ様人形			12
まさごちゃん			12
もうひとりのミス・クレーン			12
もう１人のエリザベート			12
ウェールズの妖精	威尔士的妖精	威爾斯的妖精	12
エルドラドのバーサーカー	黄金国的Berserker		12
オリュンポス山の村人			12
グレンデル	哥伦多	哥倫多	12
サメ兵士	鲨鱼士兵	鯊魚士兵	12
シーフードの鬼			12
スプリガンの衛士	斯普里根的卫士	斯普利根的衛士	12
チンピラ	小混混	小混混	12
ツチノコたち			12
デイノニクス11兄弟・六男	恐爪龙十一兄弟·老六	恐爪龍十一兄弟．老六	12
ナレーションマシュ			12
ニトクリス・オルタ（真）	尼托克丽丝·Alter（真）	尼托克里絲．Alter（真）	12
ネモ・ガレス			12
ピックマン夫人	皮克曼夫人	皮克曼夫人	12
フード姿の妖精	戴着兜帽的妖精	戴著兜帽的妖精	12
モブ足軽			12
不死殺しの円環			12
今川よしつね			12
偽ジャック			12
初代妖精騎士	初代妖精骑士	初代妖精騎士	12
千歳市民のお父さん			12
司書			12
壺（ＤＯＭＡＮ）			12
女たちの声	女人们的声音	女人們的聲音	12
女海賊Ｂ	女海盗B	女海盜B	12
妖精の行商団	妖精行商团	妖精行商團	12
左近	左近	左近	12
年若い娘	年轻姑娘	年輕女性	12
店長			12
弥生維新・卑弥呼			12
村の妖精	村里的妖精	村裡的妖精	12
機械化兵団	机械化军团	機械化軍團	12
機械化歩兵	机械化步兵	機械化步兵	12
歌川広重			12
武器商人	武器商人	武器商人	12
永倉巡査			12
牙の氏族たち	牙之氏族们	牙之氏族們	12
用心棒			12
町人の男	城里男人	城裡男人	12
相棒のキャスター			12
祖獣			12
精悍な声	精悍的声音	精悍的聲音	12
船員“白旗”	船员“白旗”	船員「白旗」	12
船員“錨番”	船员“锚番”	船員「錨番」	12
謎の老人			12
連合兵	联盟士兵	聯盟士兵	12
長宗我部エミチカ			12
長尾晴景	长尾晴景		12
駆けつけてきた兵士	急忙赶来的士兵	急忙趕來的士兵	12
魔物	魔物	魔物	12
黄金竜			12
【景市】			11
あごをさするディノス	摸下颚的迪诺斯	摸下顎的迪諾斯	11
ある魔術師	某位魔术师	某位魔術師	11
お米のひと	背大米的人	背大米的人	11
どう見ても恐竜	怎么看都是恐龙	怎麼看都是恐龍	11
もじゃ髪の博士	鸟窝头的博士	鳥窩頭的博士	11
イリ助さん			11
エディンバラの住人	爱丁堡的居民	愛丁堡的居民	11
エルメロイⅡ世？	埃尔梅罗Ⅱ世？	埃爾梅羅Ⅱ世？	11
カブラギ	镝木	鏑木	11
カルデア職員	迦勒底职员	迦勒底職員	11
カルデア通信士			11
カワタ	カワタ		11
キルケー？	喀耳刻？	喀耳刻？	11
ケルベロス			11
サンソン（？）	桑松（？）	桑松（？）	11
シャドウサーヴァント	影从者	影從者	11
スペース・サンタさん			11
スペース丁稚	太空伙计	太空學徒	11
セレブな客Ｂ			11
トリスメギストスⅡ	特里斯墨吉斯忒斯Ⅱ	特里斯墨吉斯忒斯Ⅱ	11
ファン？			11
メイヴ？	梅芙？	梅芙？	11
レイシフト適合者	灵子转移适任者	靈子轉移適任者	11
レジスタンス男Ａ	反抗者男性A	反抗者男性A	11
レジスタンス男Ｂ	反抗者男性B	反抗者男性B	11
ロベスピエール・ゴースト	罗伯斯庇尔鬼魂	羅伯斯比爾鬼魂	11
ワニ親方			11
一般兵			11
不届きな魔（仮）			11
亡霊	亡灵	亡靈	11
仮面の妖精たち	戴面具的妖精们	戴面具的妖精們	11
作業員			11
刑部姫Ａ			11
前田セタンタ			11
勇者・壱与			11
北欧の少女	北欧少女	北歐少女	11
参加者たち			11
司会者	司仪	主持人	11
四人			11
土の氏族の鍛冶師	土之氏族的锻造师	土之氏族的鍛造師	11
城勤めの女	城中任职的女子	城中任職的女子	11
場内アナウンス			11
大蛇	大蛇		11
太陽の騎士	太阳骑士	太陽騎士	11
女剣士			11
妙漣寺鴉郎	妙涟寺鸦郎	妙漣寺鴉郎	11
客			11
客Ａ			11
家令	管家	管家	11
将軍	将军	將軍	11
展望台アナウンス	观景台广播语音	觀景臺廣播語音	11
床屋の主人（人間）	理发店老板（人类）	理髮店老闆（人類）	11
後藤セタンタ			11
怨霊	怨灵	怨靈	11
怪物	怪物	怪物	11
愉快なアサシン	愉快なアサシン		11
攘夷志士			11
新宿のライダー	新宿的Rider	新宿的Rider	11
日比乃ひびき？	日比乃ひびき？		11
最も恐ろしきもの			11
検事	检察官	檢察官	11
検非違使たち	检非违使们	檢非違使們	11
横になったハベトロット	躺着的哈贝特洛特	躺著的哈貝特洛特	11
檻の中の市民Ｄ	笼中市民Ｄ	籠中市民Ｄ	11
母親	母亲	母親	11
派手な姿の少女			11
燎原の鬼			11
田助	田助	田助	11
砦の兵士Ａ	堡垒的士兵A	堡壘的士兵A	11
第六天魔王・卑弥呼			11
紙袋のゴッデス			11
維新まじん・オルタ妹			11
総合統括ＡＩ	综合统管ＡＩ	綜合統管ＡＩ	11
蛇神様			11
街頭テレビ			11
解説	解说	解說	11
豹尾神	豹尾神	豹尾神	11
酔っぱらいの浪人			11
陽炎太夫（楊貴妃）	阳炎太夫（琰女）	陽炎太夫（楊貴妃）	11
難民たち	难民们	難民們	11
風の氏族	风之氏族	風之氏族	11
鬼弐			11
魔神アモン	魔神亚蒙	魔神亞蒙	11
黒獅子もどき			11
ちびノブ			10
ちびノブ？			10
みんな	众人	眾人	10
アキバガードＢ			10
イライザ	伊莉莎	伊莉莎	10
エイケン・ドラム	艾肯·德拉姆	艾肯．德拉姆	10
オキタソージ			10
オペレーター			10
オールド・ドバイ市民	旧迪拜市民	舊杜拜市民	10
オールド・ドバイ自警団Ａ	旧迪拜义警团员Ａ	舊杜拜巡守隊員Ａ	10
カヤン	カヤン		10
ガウェインの兵士・Ａ	高文的士兵A	高文的士兵A	10
グロスターの下級妖精たち	格洛斯特的下级妖精们	格洛斯特的下級妖精們	10
ケモミミの女王			10
ゲーム中のアーチャー			10
シノ			10
ジャック（アサシン）			10
ジャンヌ・ダルク？	贞德？	貞德？	10
デイノニクス11兄弟・右	恐爪龙十一兄弟·右	恐爪龍十一兄弟．右	10
トントゥ？			10
ドクター	医生	醫生	10
ドッペルゲンガー	二重身	二重身	10
ネモ・マリーンたち	尼莫水兵们	尼莫水兵們	10
ネモ？	尼莫？	尼莫？	10
バニヤン？	班扬？	班揚？	10
ミネルヴァ	密涅瓦	米娜瓦	10
メディア《マタ・ハリ》	美狄亚《玛塔·哈丽》	美狄亞《瑪塔・哈里》	10
モブ女たち	龙套女们	龍套女們	10
モルガンに集まった妖精たち	聚集在摩根身边的妖精们	聚集在摩根身邊的妖精們	10
ローマ大名ネロ			10
人さらい	绑架犯	綁架犯	10
健康博士			10
光り輝く埴輪			10
古き神	古老的神	古老的神	10
名無しの弟			10
嘆きの騎士	悲叹的骑士	悲嘆的騎士	10
地獄の番人	地狱的看守		10
埴輪			10
天使	天使		10
妖精	妖精	妖精	10
妖精士官	妖精士官	妖精士官	10
孔明な武術家	孔明武术家	孔明武術家	10
宮中の僧	宫中的僧侣	宮中的僧侶	10
巌窟王の声	岩窟王的声音	巖窟王的聲音	10
悪いノッブ			10
斎藤警部			10
最後のマネージャー			10
月笑騎士団たち	月笑骑士团员们	月笑騎士團員們	10
未来			10
檻の中の市民Ｃ	笼中市民Ｃ	籠中市民Ｃ	10
淀の方			10
湖の騎士	湖上骑士	湖上騎士	10
煙酔のハサン	烟醉哈桑	煙醉的哈桑	10
片桐メドゥ元			10
現在			10
男Ｂ	男性B	男性B	10
白い医師たち	白い医師たち		10
百地ハサン太夫			10
砦の兵士	堡垒的士兵	堡壘的士兵	10
砦の兵士Ｂ	堡垒的士兵B	堡壘的士兵B	10
神官職ディノス	神官职迪诺斯	神官職迪諾斯	10
穢れた騎士達			10
竜骸	龙骸	龍骸	10
維新新選組・オキタ			10
船員	船员	船員	10
艶やかな少女の声	娇艳的少女声音	嬌豔的少女聲音	10
虎千代			10
誹謗中傷の源			10
謎の船長			10
謎の鎧武者			10
謎の長宗我部ヒロインⅩ			10
農村駐在	农村亭卒	農村差役	10
過去			10
鋼鉄始皇帝	钢铁祖政	鋼鐵始皇帝	10
雑賀孫市			10
領民			10
魔神アンドラス			10
魔神ガープ	魔神概布	魔神概布	10
魔神柱ラウム	魔神柱劳姆	魔神柱勞姆	10
黒獅子？			10
黒髪のカウガール			10
ちびノブ達			9
はぐれサーヴァント			9
アイランド仮面			9
アルトリア？	阿尔托莉雅？	阿爾托莉亞？	9
エデ	海黛	海黛	9
オデュッセウス？	奥德修斯？	奧德修斯？	9
オリオン？	俄里翁？	俄里翁？	9
オールド・ドバイ自警団Ｂ	旧迪拜义警团员Ｂ	舊杜拜巡守隊員Ｂ	9
カルデア職員Ｂ	迦勒底职员Ｂ	迦勒底職員Ｂ	9
ガネコ？	伽内可？	迦尼可？	9
ギガプレシオサウルスくんΩ			9
ギャング			9
ゲシュティンアンナ			9
コブンゴ			9
コンスタンティノープル	君士坦丁堡	君士坦丁堡	9
サバフェス仙人			9
サメ兵士Ａ			9
ダユー？	达尤？	達尤？	9
ディオスクロイ	狄俄斯库里	狄奧斯庫洛伊	9
デイノニクス11兄弟・一男	恐爪龙十一兄弟·老大	恐爪龍十一兄弟．老大	9
ハンドレッドフェイス秘書子			9
パライソ	Paraiso	Paraiso	9
ヘスティア島住民	赫斯提亚岛居民	赫斯緹雅島居民	9
マガツ茶々ノカミ			9
マルガレータ	玛格丽莎	瑪格麗莎	9
モリアーティ（ヤング）			9
モードレッド？	莫德雷德？	莫德雷德？	9
ヤガ市民Ｃ	雅嘎市民Ｃ	雅嘎市民Ｃ	9
レジスタンス	反抗者	反抗者	9
レジスタンス男達	反抗者们	反抗者們	9
ロンディニウムの少女	伦蒂尼恩的少女	倫蒂尼恩的少女	9
久坂玄瑞			9
今魔川代官			9
但馬の侍衆	但马的武士众	但馬的武士眾	9
偽アストルフォ			9
偽酒呑童子			9
僧兵？			9
加藤メディ明			9
商人			9
土御門泰広			9
地上のオセロトルたち	地面上的奥塞洛特尔们	地面上的奧塞洛特爾們	9
夢をみている男			9
大人	大人	大人	9
女性市民			9
女王の騎士	女王的骑士	女王的騎士	9
妖精の兵士	妖精士兵	妖精士兵	9
妖精騎士メリュジーヌ	妖精骑士梅柳齐娜	妖精騎士美露莘	9
委員長			9
官司たち	官吏们	官吏們	9
客Ｂ			9
宣伝マン			9
巴の声			9
常連客の猟師			9
摩玖主の村人			9
摩玖主僧兵			9
新三姉妹			9
暗殺者			9
木曾義仲	木曾义仲	木曾義仲	9
東洋の客Ｂ			9
水夫長	水手长	水手長	9
沖田オルタ？	冲田Alter？	沖田Alter？	9
漁村の老人			9
生産部ＡＩ	生产部ＡＩ	生產部ＡＩ	9
生真面目な紳士	认真严肃的绅士	認真嚴肅的紳士	9
町人の女	城里女人	城裡女人	9
白竜			9
白野ふたり	两位白野	兩位白野	9
竜種	龙种	龍種	9
第六天魔王・織田信長			9
紐を弄くる老人	玩绳结的老人	玩繩結的老人	9
維新まじん・オルタ姉			9
綺麗なオカダ			9
謎のアルターエゴＰ			9
謎のイゾーＯ			9
謎の七本槍・糟屋ヒロインＸ			9
謎の女の子			9
買い物中の妖精	购物中的妖精	購物中的妖精	9
通りすがりの名も無き英霊			9
通りすがりの妖精	路过的妖精	路過的妖精	9
通り一番の靴屋	街上最好的鞋匠	街上最好的鞋匠	9
陽気な声	爽朗的声音	爽朗的聲音	9
首をかしげるディノス	歪着头的迪诺斯	歪著頭的迪諾斯	9
高名な武術家	高明武术家	高明武術家	9
黒アイリ			9
３人			9
『術師』の使い魔			8
おいしい巨大卵			8
ちびハサン	小哈桑	小哈桑	8
アナウンスの声	广播语音	廣播語音	8
アルテラ・ザ・サン（タ）			8
イネ			8
ウッドワス軍・兵士	伍德沃斯军·士兵	伍德沃斯軍．士兵	8
ウルク兵士Ａ	乌鲁克士兵A	烏魯克士兵A	8
エジソン君			8
オセロトルたち	奥塞洛特尔们	奧塞洛特爾們	8
カフェ・赤髭の給仕	咖啡馆的红胡子侍者	咖啡館的紅鬍子侍者	8
キャプテン・キッド	基德船长	基德船長	8
グロスターの妖精	格洛斯特的妖精	格洛斯特的妖精	8
ケルト兵	凯尔特士兵	凱爾特士兵	8
ジナーシャ？	吉娜什？	吉娜薩？	8
スタッフＡ	工作人员A	工作人員A	8
ステラマリー	ステラマリー		8
セバスチャン			8
ソールズベリーの兵士・Ｂ	索尔兹伯里的士兵 B	索爾茲伯里的士兵 B	8
デイノニクス11兄弟・二男	恐爪龙十一兄弟·老二	恐爪龍十一兄弟．老二	8
デスソードファイア			8
ネモサンタ（中継）			8
ネモ・マリーン（計測係）	尼莫水兵（测量员）	尼莫水兵（測量員）	8
ネモ・マリーンＣ	ネモ・マリーンＣ	尼莫水兵C	8
ネルガル			8
パールヴァティー？	帕尔瓦蒂？	帕爾瓦蒂？	8
ビッグノッブ			8
ファンＡ			8
フワワ？	胡姆巴巴？	胡姆巴巴？	8
プレシオサウルスくん			8
ベッドの上の少年	床上的少年	床上的少年	8
メイヴ親衛隊			8
モヒカン			8
モリアーティ（アラフィフ）			8
交換屋の妖精	交易铺的妖精	交易鋪的妖精	8
伊達ジャンヌ・オルタ			8
元帝王パーシマ	前帝王珀西玛	前帝王帕西瑪	8
兵士？	士兵？	士兵？	8
城下の人々	城里的人们	城裡的人們	8
執事モレー			8
多感なるディノス	多愁善感的迪诺斯	多愁善感的迪諾斯	8
大奥女中Ｂ			8
女海賊Ａ	女海盗A	女海盜A	8
女王の兵士	女王的士兵	女王的士兵	8
屋台の親父			8
山の民	山之民	山之民	8
岡っ引き“貌”			8
巫女			8
店の主人	店主	店主	8
庭の衛士	庭院里的卫士	庭院裡的衛士	8
怪しい男			8
怪異			8
戴冠式に向かう妖精たち	前往加冕仪式的妖精们	前往加冕儀式的妖精們	8
暗黒の仔山羊			8
東洋の客Ａ			8
檻の中の市民Ｂ	笼中市民Ｂ	籠中市民Ｂ	8
武蔵坊雪斎			8
浅井家足軽			8
町の住民			8
瘤のある老人			8
研究員Ａ	研究员A	研究員A	8
神官			8
節分女将			8
維新新選組・フジタ			8
縄で縛られた茨木童子	被绳子捆住的茨木童子	被繩子捆住的茨木童子	8
蠣崎シトナイ			8
謎の平安女子Ａ			8
謎の維新ライダーＭ			8
警備兵	警卫兵	警衛兵	8
足軽			8
集落の老人			8
魔猿			8
黒田メフィスト			8
Ｕプレジデントシップ			8
【㭍六】			7
アステリオス（？）	阿斯忒里俄斯（？）	阿斯忒里翁	7
アナウンスＢ	广播语音B	廣播語音B	7
アマゾネスＣ	亚马逊人C	亞馬遜人C	7
アルクェイド（？）			7
オールド・ドバイ市民Ａ	旧迪拜市民Ａ	舊杜拜市民Ａ	7
オールド・ドバイ市民Ｂ	旧迪拜市民Ｂ	舊杜拜市民Ｂ	7
カブキマスター阿国			7
キングプロテア？	Kingprotea？	Kingprotea？	7
クー・フーリン・オルタ？	库·丘林·Alter？	庫．夫林．Alter？	7
クー・フーリン？	库·丘林？	庫．夫林？	7
コスモギルガメス			7
サメ騎士			7
サーファー			7
サーヴァントたち	从者们	從者們	7
スペースモッヒー			7
セネカ	塞内卡	塞內卡	7
ディノス	迪诺斯	迪諾斯	7
デイノニクス11兄弟・左	恐爪龙十一兄弟·左	恐爪龍十一兄弟．左	7
デイノニクス11兄弟・真ん中	恐爪龙十一兄弟·正中	恐爪龍十一兄弟．正中	7
デビー・クロケット			7
トータ	藤太	藤太	7
ドレイク？	德雷克？	德雷克？	7
ネルガルの悪意			7
ノクナレア軍・士官	诺克娜蕾军·士官	諾克娜蕾雅軍．士官	7
バスの運転手	巴士司机		7
ファンＢ			7
ボンバーノッブ			7
マガツ利休ノカミ			7
マシュの声	玛修的声音	瑪修的聲音	7
マネージャー人形			7
マーカス	マーカス		7
ミスター・チンの声			7
ミステリアン・サーヴァント２号			7
メジェドｓ	梅杰德ｓ	梅傑德ｓ	7
モース	摩耳斯	莫斯	7
ラニ＝Ｋ	拉妮－Ｋ	拉妮＝Ｋ	7
レアお菓子ゴーレム			7
レオニマス一世			7
レベッカ	蕾贝卡	蕾貝卡	7
三姉妹			7
上杉アルトリア			7
五人			7
京の男	京城的男人	京城的男人	7
仮面の巌窟王	覆面的岩窟王	戴面具的巖窟王	7
仮面の男	覆面的男人	戴面具的男人	7
伝令お茶ノッブ			7
偽の壱与			7
兵士たち	士兵们	士兵們	7
動物のような妖精	动物般的妖精	動物般的妖精	7
北の妖精	北方妖精	北方妖精	7
叔母の声	阿姨的声音	阿姨的聲音	7
古代火星人Ａ			7
大魔王オキタ・オルタ			7
太陽のパリス			7
少女メドゥーサ			7
山南先生			7
巴御前？	巴御前？	巴御前？	7
帝王パーシマ	帝王珀西玛	帝王帕西瑪	7
常連客Ａ			7
平野えっちゃん			7
従者の女	女侍从	女侍從	7
教会の少女			7
教師	教师	教師	7
新ケツァルマスク			7
暴徒たち			7
書記官イットリー	书记官伊托里	書記官伊托里	7
松平アーラシュ			7
査問官	调查官	調查官	7
案内ロボット	指引机器人	引導機器人	7
棚の下に隠れている靴屋の妖精	躲在架子下的鞋匠妖精	躲在架子下的鞋匠妖精	7
檻の中の市民Ａ	笼中市民Ａ	籠中市民Ａ	7
歌舞伎弁士・阿国			7
水着カッツ			7
沖田巡査長			7
浜辺のクールガイ			7
淑やかな姫君	端庄的大小姐	端莊的大小姐	7
爆発した女			7
牛車の中の貴人	牛车中的贵人	牛車中的貴人	7
王の氏族になった妖精	成为了王之氏族的妖精	成為了王之氏族的妖精	7
町の人々	城里的人们	城裡的人們	7
福島エミノリ			7
第一の門	第一门	第一門	7
若者	年轻人	年輕人	7
見張りの妖精Ａ	看守的妖精A	看守的妖精A	7
警防タイプ筆頭ＡＩ	警防型首席ＡＩ	警防型首席ＡＩ	7
軍法務士官	军事法务士官	軍事法務士官	7
逃げる妖精	逃命的妖精	逃命的妖精	7
連合軍兵士	联合军士兵	聯合軍士兵	7
達人			7
部下Ａ	部下A	部下A	7
釈妙英			7
里の老婆	村里老太	村裡老嫗	7
闘士ワクチャン	斗士瓦克昌	鬥士瓦克昌	7
雅な芸妓	优雅的艺妓	優雅的藝妓	7
集落の人			7
音怨リーダー・ソロウ			7
顔のいい妖精	面容姣好的妖精	面容姣好的妖精	7
高名な武術家の弟子	高明武术家的弟子	高明武術家的弟子	7
魔獣	魔兽	魔獸	7
魔獣フラウロス			7
魔神サブナック	魔神斯伯纳克	魔神斯伯奈克	7
魔神ナベリウス	魔神纳贝流士	魔神納貝流士	7
魔神柱？	魔神柱？	魔神柱？	7
鳥の姿をした妖精	鸟状妖精	鳥型態的妖精	7
黒犬			7
ＳＰ１			7
Dr．ロマン	Dr.罗曼	Dr.羅曼	6
《自由を求める者》			6
あちらのお客さま			6
あるムーン・ドバイ市民	某位月球迪拜市民	某位月球杜拜市民	6
うなずいていたディノス	刚才点头的迪诺斯	剛才點頭的迪諾斯	6
うなずくディノス	点头的迪诺斯	點頭的迪諾斯	6
かすれた声	かすれた声		6
アキバガードＡ			6
アマデウス仮面			6
ウッドワス軍・伝令兵	伍德沃斯军·传令兵	伍德沃斯軍．傳令兵	6
ウルク門番	乌鲁克守卫	烏魯克守衛	6
エジソン兵			6
カルデア職員（男性）			6
カルデア職員Ｃ	迦勒底职员Ｃ	迦勒底職員Ｃ	6
キングプレシオサウルスくん？			6
コンたち	涳们	涳們	6
サバフェス海賊			6
サメ兵士Ｂ			6
シュメル人	苏美尔人	蘇美人	6
シンベエ			6
ジェニー	珍妮	珍妮	6
ジャック・ザ・リッパー	开膛手杰克	開膛手傑克	6
ダイゾー			6
チョコラミス			6
チンピラＢ	小混混B	小混混B	6
デイノニクス11兄弟・三男	恐爪龙十一兄弟·老三	恐爪龍十一兄弟．老三	6
トレーナーのお兄さん			6
ドゥン・スタリオン			6
ニコラ・テスラ？	尼古拉·特斯拉？	尼古拉．特斯拉？	6
ニワトコ			6
ニンジャ			6
ネモたち	尼莫们	尼莫們	6
ネモ・アスクレピオス			6
ネモ・マリーン（偽）			6
ネモ・マリーン（観測手・左）	尼莫水兵（观测手·左）	尼莫水兵（觀測手．左）	6
ネモ・レディ・アヴァロン			6
ハンバーグの鬼			6
バビロン兵			6
ファウスト	浮士德	浮士德	6
フリーダムと呼ばれた男			6
フーカ先生？	芙卡老师？	芙卡老師？	6
ベル・ラフム	巴力拉赫穆	巴力拉赫穆	6
ボイジャー（イアソン）			6
ボンベ	邦贝	邦貝	6
マシュ《プロンプト》	玛修《提词员》	瑪修《提詞員》	6
ムーン・ドバイ市民Ｂ	月球迪拜市民Ｂ	月球杜拜市民Ｂ	6
メジェド？			6
モノローグ（ＣＶ：呼延灼）			6
ヨシスケ			6
ランスロット？	兰斯洛特？	蘭斯洛特？	6
ルドルフ	鲁道夫	魯道夫	6
レジスタンス男	反抗者男性	反抗者男性	6
ロード・エルメロイⅡ世	君主·埃尔梅罗Ⅱ世	君主．埃爾梅羅Ⅱ世	6
一枚摺売り	一枚摺小贩	一枚摺小販	6
不夜城のキャスター	不夜城的Caster		6
不思議そうなディノス	感到不可思议的迪诺斯	感到不可思議的迪諾斯	6
中国の馬	中国的马	中國的馬	6
中岡慎太郎			6
人間の兵士	人类士兵	人類士兵	6
住民Ａ			6
信徒？			6
兵士の声Ａ	士兵的声音A	士兵的聲音A	6
円卓軍の伝令兵	圆桌军的传令兵	圓桌軍的傳令兵	6
前田クー・フーリン・オルタ			6
劇場高級会員	剧院高级会员	劇院高級會員	6
加藤書文			6
千歳市民の男の子			6
反乱軍の兵士	反叛军士兵	反叛軍士兵	6
名も無きカメラマンのみなさん			6
名状しがたき異形	难以名状的异形	難以名狀的異形	6
土の妖精	土之妖精	土之妖精	6
埴輪ノッブ			6
外で集まっている妖精たち	聚集在外面的妖精们	聚集在外面的妖精們	6
大奥女中Ｃ			6
天魔武蔵			6
宮本伊織？	宮本伊織？	宮本伊織？	6
少女騎士			6
市民Ｃ			6
布団			6
常連客Ｂ			6
幸寿前			6
恰幅のいい人間	身材丰腴的人类	身材豐腴的人類	6
悪夢のウィリアム			6
手下達			6
批評家	评论家	評論家	6
摩玖主大本尊			6
擬機神デメテル・オリジン			6
検使			6
極悪非道の盗賊	穷凶极恶的盗贼	窮凶極惡的盜賊	6
檻の中の市民たち	笼中市民们	籠中市民們	6
死霊			6
源義経			6
瀕死のカーター《ラウム》	濒死的卡特《劳姆》	瀕死的卡特《勞姆》	6
牙の妖精	牙之妖精	牙之妖精	6
牧師《食屍鬼》	牧师《食尸鬼》	牧師《食屍鬼》	6
犬士たち			6
狗神			6
町民Ａ			6
看護師	护士	護士	6
真人始皇帝	真人祖政	真人始皇帝	6
真田エミ幸			6
祭神の巫女			6
竹中アンデルセン			6
第五の門	第五门	第五門	6
第四の門	第四门	第四門	6
羊			6
聖都軍兵士Ｂ	圣都军士兵B	聖都軍士兵B	6
良いノッブ			6
花の魔術師			6
虎面の怪			6
虞美人ｓ			6
蛇竜人たちの声			6
謎のディーラーΛ			6
謎の宣教師Ａ			6
軍判事	军事法官	軍事法官	6
轍の嬰児	车辙的婴儿	車轍的嬰兒	6
農婦Ｂ	农妇B	農婦B	6
連合軍兵士たち	联合军士兵们	聯合軍士兵們	6
銀河警察			6
銀角	银角	銀角	6
難民の子供	儿童难民	兒童難民	6
非モテ警察達			6
音声ガイド			6
顧客達の声			6
駐在さん			6
騎士の声	骑士的声音	騎士的聲音	6
騎士団員マッドネス	骑士团员疯狂	騎士團員瘋狂	6
魔獣ドラコー			6
魔獣ナベリウス			6
魔神オセ	魔神欧赛	魔神歐賽	6
魔神クロケル	魔神克罗赛尔	魔神克羅賽爾	6
魔神グシオン	魔神古辛	魔神古辛	6
魔神フォルネウス	魔神佛钮司	魔神佛鈕司	6
魔術師マーリン	魔术师梅林	魔術師梅林	6
黒髭？	黑胡子？	黑鬍子？	6
？？？（二人目）			6
Ｘ・オルタ・オーバーロード			6
“公方様”			5
ありがたい石像			5
うなだれたムーン・ドバイ市民たち	垂头丧气的月球迪拜市民们	垂頭喪氣的月球杜拜市民們	5
お爺さん			5
お茶ノッブ			5
お菓子の国の住人			5
ご機嫌なムーン・ドバイ市民	快活的月球迪拜市民	情緒高昂的月球杜拜市民	5
その背中に乗ったガレス	骑在他背上的加雷斯	騎在他背上的加雷斯	5
もうひとりの競り手	另一位竞拍者	另一位競拍者	5
アイン	艾茵		5
アニング？	アニング？		5
アマゾネスたち	亚马逊人们	亞馬遜人們	5
アルテラ？	阿蒂拉？	阿蒂拉？	5
アンティオキアの騎士			5
イスカリと呼ばれた青年	被称作伊斯卡利的青年	被稱作伊斯卡利的青年	5
イマジナリー紫式部			5
ウィレム	威廉	威廉	5
ウェルキンゲトリクス・ゴースト	维钦托利·鬼魂	維欽托利．鬼魂	5
ウェールズの妖精たち	威尔士的妖精们	威爾斯的妖精們	5
エミヤ（EX）			5
エリちゃんｓ			5
エリザベート（ランサー）			5
オートマタ	自动人偶	自動人偶	5
カドック（？）	卡多克（？）		5
カルデアスタッフＡ	迦勒底工作人员A	迦勒底工作人員A	5
ガルラ霊			5
ギャングＣ			5
グレートデスクロー	无可逃脱死亡钩爪	無可逃脫死亡鉤爪	5
サリエリ？	萨列里？	薩里耶利？	5
シェフィールドの妖精たち	谢菲尔德的妖精们	雪菲爾的妖精們	5
ジャイルズ	吉尔斯	吉爾斯	5
ジャンヌ？	贞德？	貞德？	5
スカサハ＝スカディＡ	斯卡哈·斯卡蒂A	斯卡薩哈=斯卡蒂A	5
スセリツカ			5
スタッフＣ	工作人员C	工作人員C	5
スペースモッヒーＢ			5
セレブＢ	名流B	名流B	5
ゾンビ			5
ツヴァイ	茨薇		5
ドラケイ	德拉凯	德拉凱	5
ドレッドノート			5
ノッブＰ			5
ノブ選組			5
ノリッジの使い	诺里奇的使者	諾里奇的使者	5
プレジデント臨時秘書	总裁临时秘书	總裁臨時秘書	5
マケドニア兵たち			5
マーリン（幻覚）			5
メカノッブ			5
メディアリリィ			5
モブ女Ａ	龙套女A	龍套女A	5
モブＡ？			5
モルガン軍兵士	摩根军士兵	摩根軍士兵	5
ヤガ市民Ａ	雅嘎市民A	雅嘎市民A	5
リーダー型コロンブス			5
レジスタンス少年	反抗者少年	反抗者少年	5
レジスタンス男Ｃ	反抗者男性C	反抗者男性C	5
ワルキューレ？？？			5
一般辻斬りマン			5
上級市民	上级市民	上級市民	5
下級妖精たち	下级妖精们	下級妖精們	5
不夜城のアサシン	不夜城的Assassin		5
京人			5
人形の姫君	人偶公主	人偶公主	5
人形メイド			5
住民Ｃ			5
修学旅行生			5
元気な女の子			5
円卓軍の妖精兵士	圆桌军妖精士兵	圓桌軍妖精士兵	5
匿名の戦士			5
千歳市民のお母さん			5
古代火星人Ｂ			5
名前を喪った男			5
名羊ツェルコ			5
吹奏楽部女子	吹奏乐社女生	吹奏樂社女生	5
呪腕のハサン（？）	咒腕哈桑（？）	咒腕的哈桑（？）	5
囚われた人間	被俘虏的人类	被俘虜的人類	5
外からの声	外面传来的声音	外面傳來的聲音	5
外からの声Ｂ			5
夢をみた男			5
大人たち	大人们	大人們	5
大江山の客人	大江山的客人	大江山的客人	5
女海賊Ｃ	女海盗C	女海盜C	5
妖精たちの歌声	妖精们的歌声	妖精們的歌聲	5
宇宙に漂うエウロペ？	在宇宙中漂流的欧罗巴？	在宇宙中漂流的歐羅巴？	5
審査員			5
小タラスク			5
小野小町？	小野小町？		5
巨いなる番人	巨大的守护者	巨大的守護者	5
市民Ｂ			5
広場からの声	广场传来的声音	廣場傳來的聲音	5
影からの声	影之声	影之聲	5
影の騎士			5
彼女	彼女		5
御陵衛士			5
悪夢のスパルタクスＰ・Ｘ			5
支配人			5
教官	教官	教官	5
明石えっちゃん			5
暗黒邪馬台国人			5
村の妖精たち	村里的妖精们	村裡的妖精們	5
村人たち	村民们	村民們	5
東洋の客			5
檻の中の市民	笼中市民	籠中市民	5
歌姫			5
武術家	武术家	武術家	5
無銘	無銘		5
牙の妖精Ｂ	牙之妖精B	牙之妖精B	5
獣神の神官			5
王様	国王	國王	5
甲斐の兵			5
町人・甲			5
異人の少女			5
白い狼	白狼	白狼	5
真田メドゥーサ			5
神託の声			5
穢れた殺戮者達			5
第二の門	第二门	第二門	5
織田信勝？	織田信勝？	織田信勝？	5
老ピックマン	老皮克曼	老皮克曼	5
考えるディノス	考えるディノス		5
肉食獣じみた男	肉食猛兽般的男人	肉食猛獸般的男人	5
蛇竜人たち			5
蛇竜人の声			5
蛇面の怪			5
裏路地の妖精	小巷里的妖精	小巷裡的妖精	5
観光客			5
観光客Ｃ			5
謎の人斬り			5
謎の女			5
謎の暴走剣士			5
警備兵・通信	警卫兵·通讯	警衛兵・通訊	5
警備員Ａ			5
警備員Ｂ			5
走ってくるレッドラ・ビット	跑来的瑞德拉·比特	跑來的瑞德拉．比特	5
超絶かわいい案内人			5
足軽ノッブ？			5
足軽達	足轻众	足輕眾	5
通りすがりの兵士			5
邪馬台国人			5
長州藩士			5
雀たち	麻雀们	麻雀們	5
集まってきたディノス	聚过来的迪诺斯	聚過來的迪諾斯	5
集落の人々			5
青のテスカトリポカ	蓝色特斯卡特利波卡	藍色特斯卡特利波卡	5
風の氏族の兵士	风之氏族的士兵	風之氏族的士兵	5
館内アナウンス			5
騎士見習いの少女	见习骑士少女	見習騎士少女	5
骸骨兵	骸骨兵	骸骨兵	5
魔導僧兵			5
魔神柱ハーゲンティ	魔神柱哈艮地	魔神柱哈艮地	5
黒い影の声	黑影的声音	黑影的聲音	5
黒獅子に非ず			5
６人の妖精	六个妖精	六個妖精	5
ＢＢ？	BB？	BB？	5
Ｄ・Ｂ・クロエ			5
《新宿》の住人			4
《鉄道員》			4
「Ｂ」	「B」	「B」	4
【舌兪】			4
おねえさん	小姐姐	小姐	4
じゃあくビースト	邪恶Beast	邪惡Beast	4
たおやかなディノス	文静优美的迪诺斯	文靜優美的迪諾斯	4
どこからか響いてくる声	不知从哪里传来的声音	不知從哪裡傳來的聲音	4
アイリの方			4
アケローン			4
アーサー王	亚瑟王	亞瑟王	4
イアソン（翻訳）			4
イマジナリーシバの女王			4
ウクレレ名人			4
ウルク兵士たち	乌鲁克士兵们	烏魯克士兵們	4
エディンバラの衛士	爱丁堡的卫士	愛丁堡的衛士	4
エレメンツ	エレメンツ		4
オクタヴィア	オクタヴィア		4
オズボーン	奥斯本	奧斯本	4
カッツ			4
カルデアスタッフＢ	迦勒底工作人员B	迦勒底工作人員B	4
カルデア職員（女性）			4
カルデア職員（男性・女性）			4
カーマ（右）			4
ガイド音声			4
ガウェイン？	高文？	高文？	4
ギーゼルヘア			4
ゲオルギウス？	乔尔乔斯？	聖喬治？	4
シェリンガム			4
シグルド門下生			4
ジャック？	杰克？	傑克？	4
ジャンヌ・オルタ？	贞德·Alter？	貞德．Alter？	4
スカサハ？	斯卡哈？	斯卡薩哈？	4
ステンノ・エウリュアレ			4
スプリガンの衛士Ｂ	斯普里根的卫士B	斯普利根的衛士B	4
スペースモッヒーＡ			4
ソールズベリーの騎士	索尔兹伯里的骑士	索爾茲伯里的騎士	4
ダイカク			4
ダ・ヴィンチ？	达·芬奇？	達．文西？	4
チン	チン		4
トマリン	トマリン		4
ドゥリーヨダナ（翻訳）			4
ドウセツ			4
ドクター？	医生？	醫生？	4
ドライ	德莱		4
ドラコー？	ドラコー？	德拉科？	4
ナーサリー・ライムの声	童谣的声音	童謠的聲音	4
ネモ・マリーン（観測手）	尼莫水兵（观测手）	尼莫水兵（觀測手）	4
ネモ・マリーンＤ	ネモ・マリーンＤ		4
ネロ？	尼禄？	尼祿？	4
ノッブＵＦＯ			4
ハサンの声	哈桑的声音	哈桑的聲音	4
バンニップ			4
ヒュドラ			4
ビショーネ？	ビショーネ？		4
ブッルス	布鲁斯	布魯斯	4
ブラックアイドル			4
ブーディカ（EX）			4
マガツヒトノカミ			4
マシュ（妄想）			4
マリーの声	玛丽的声音	瑪莉的聲音	4
マルタ？	玛尔达？	瑪爾大？	4
ミニクーちゃん			4
ムーン・ドバイ市民Ｃ	月球迪拜市民Ｃ	月球杜拜市民Ｃ	4
モリアーティ（翻訳）			4
モンク			4
ヤガ叛逆軍（女）	雅嘎反叛军（女）	雅嘎反叛軍（女）	4
ヤガ叛逆軍（男）	雅嘎反叛军（男）	雅嘎反叛軍（男）	4
ヤガ市民Ｂ	雅嘎市民Ｂ	雅嘎市民Ｂ	4
レフ？	雷夫？	雷夫？	4
レース仙人			4
ロベール？			4
ロンディニウム・見張り兵士	伦蒂尼恩·哨兵	倫蒂尼恩．哨兵	4
ローマ市民	罗马市民	羅馬市民	4
ワルキューレｓ			4
ヴィハーン	维翰	維翰	4
一家言ある老人			4
一般参加者			4
上杉家臣			4
上級妖精たち	上级妖精们	上級妖精們	4
世界の破壊者、トリスタン			4
丘ファーの男			4
予言の歌	预言之歌	預言之歌	4
京の町人			4
人形店員			4
人斬りオカダー			4
人斬り以蔵			4
今魔川残党			4
仙台藩士	仙台藩士	仙台藩士	4
住民Ｂ			4
佐々木仮面			4
信者Ｂ			4
修道士			4
元気な声	精力充沛的声音	精力充沛的聲音	4
元老院議員	元老院议员	元老院議員	4
兵士の声	士兵的声音	士兵的聲音	4
凶つ神			4
出店の妖精	开店的妖精	開店的妖精	4
北条アルトリア・オルタ			4
名も知れぬライオン			4
名門のお嬢様			4
土方副長			4
基底のザイード	基底之扎伊德	百貌的哈桑	4
壁の向こうからの声	墙壁对面传来的声音	牆壁對面傳來的聲音	4
大通りの商人	大街上的商人	大街上的商人	4
天幕の奥からの声	帐篷内传来的声音	帳篷內傳來的聲音	4
女性客Ａ			4
女性客Ｂ			4
女王の侍女	女王的侍女	女王的侍女	4
女神	女神		4
好漢			4
妖しき声	怪异的声音	怪異的聲音	4
妖精の士官・オーラリア	妖精士官·奥拉莉娅	妖精士官．奧拉莉雅	4
妖精の官司	妖精官吏	妖精官吏	4
安倍晴明	安倍晴明	安倍晴明	4
客Ｃ			4
寡黙な業者			4
山南警部補			4
峠の魔物Ｒ			4
市民Ｄ			4
弓使いの女	女弓手	女弓手	4
弟の亀			4
微笑むディノス	微笑的迪诺斯	微笑的迪諾斯	4
心のモルガン			4
怪しい連中			4
怪人			4
怪物・男	怪物·男性	怪物・男性	4
怪物・老人	怪物·老人	怪物・老人	4
悪夢のクリストファー			4
悪徳商人			4
手を止めない老人	不肯停手的老人	不肯停手的老人	4
手足をもがれた少女	手脚被拧断的少女	手腳被擰斷的少女	4
数学教授（五十代・独身）			4
斥候	斥候	斥候	4
星詠みのディノス	咏星的迪诺斯	詠星的迪諾斯	4
普通のお菓子ゴーレム			4
月笑騎士団・特殊工作隊	月笑骑士团·特种部队	月笑騎士團．特種部隊	4
月笑騎士団・過激派Ａ	月笑骑士团·激进派Ａ	月笑騎士團．激進派Ａ	4
月笑騎士団・過激派Ｂ	月笑骑士团·激进派Ｂ	月笑騎士團．激進派Ｂ	4
月笑騎士団Ｃ	月笑骑士团员Ｃ	月笑騎士團員Ｃ	4
横たわるアシュタレト			4
武器屋の親父	武器店老爹	武器店老爹	4
武田アタランテ・オルタ			4
武田ダレイオス			4
武田信繁			4
武田信虎			4
水着のサーヴァント			4
水着新選組一番隊隊長			4
水着新選組臨時隊士マシュ			4
沖田さん？			4
温厚なディノス	温厚なディノス		4
燕青（？）	燕青（？）	燕青（？）	4
父	父亲	父親	4
版元の男			4
牧場主Ｂの証言	牧场主B的证言	牧場主B的證言	4
牧場主Ｃの証言	牧场主C的证言	牧場主C的證言	4
牧場主Ｄの証言	牧场主D的证言	牧場主D的證言	4
物売りの声	小贩的声音	小販的聲音	4
獅子と紳士	狮子与绅士	獅子與紳士	4
獣	野兽	野獸	4
獣人？	兽人？	獸人？	4
甲冑を着た妖精	身着甲胄的妖精	身著甲冑的妖精	4
男の声１			4
男の声２			4
町人	城镇居民	城鎮居民	4
町民Ｂ			4
異常変異体	异常变异体	異常變異體	4
監視機械	监视机械	監視機械	4
真田イリ之			4
社員			4
神剣組隊士			4
空洞に響く声	空洞に響く声		4
第三の門	第三门	第三門	4
第六小魔王カッツ			4
紫水晶の女	紫水晶之女	紫水晶之女	4
終末概念	末日概念	末日概念	4
織田信長？	织田信长？	織田信長？	4
織田家臣			4
脇坂カツハル			4
色の違う機械化兵	不同颜色的机械化士兵	不同顏色的機械化士兵	4
華美羅夫人			4
衛兵	卫兵	衛兵	4
観客たち	观众们	觀眾們	4
観客席のディノスたち	观众席上的迪诺斯们	觀眾席上的迪諾斯們	4
言峰監督	言峰教练	言峰教練	4
証言者Ａ	证人A	證人A	4
証言者Ｃ	证人C	證人C	4
証言者Ｅ	证人E	證人E	4
謎のアストロノーツ	谜之宇航员	謎之太空人	4
謎の仮面美女			4
謎の平安女子Ｂ			4
謎の怨霊			4
謎の来訪者ドラゴンエックス			4
逆臣たち	逆臣们	逆臣們	4
通りすがりの海賊			4
通りすがりのＯＬ			4
通りの妖精	路过的妖精	路過的妖精	4
遠くから聞こえるアナウンス			4
部屋の外からの声			4
酒場に集まった妖精	聚集在酒馆的妖精	聚集在酒館的妖精	4
金角 銀角			4
金髪のカウガール			4
銅角			4
陰陽師たち	阴阳师们	陰陽師們	4
雀（変成）			4
集落の民			4
雪轍のハサン			4
風に乗って響く声	随风飘来的声音	隨風飄來的聲音	4
騎士達	骑士们	騎士們	4
魔性			4
魔犬バーゲスト			4
魔王軍足軽			4
魔神ハルファス	魔神哈帕斯	魔神哈帕斯	4
魔神バルバトス	魔神巴巴妥司	魔神巴巴妥司	4
黒桐（？）			4
７人			4
ＡＤ（仮）			4
ＲＳＦしか出さない王			4
“弓”	“弓”	「弓」	3
■■■■■	■■■■	■■■■	3
《小鳥獲り》			3
「Ｍ」	「M」	「M」	3
【十三屋九四郎】			3
【杜四郎】			3
うかれていた妖精	兴奋的妖精	興奮的妖精	3
えっちゃん店長			3
お菓子の国の住人たち			3
お路？			3
とと様			3
の悪魔			3
ひょいと顔を現した上級市民	突然冒出来的上级市民	突然冒出來的上級市民	3
ふたり		二人	3
みつ			3
ゆるキャラＢ	吉祥物B	吉祥物B	3
アイリスフィール（EX）			3
アキバガードＣ			3
アキレウス八歳			3
アスクレピオスの声	阿斯克勒庇俄斯的声音	阿斯克勒庇俄斯的聲音	3
アマゾネスＤ	亚马逊人Ｄ	亞馬遜人Ｄ	3
アルテミスＡ			3
アルテミスＢ			3
アレクサンドリア大図書館			3
アンデルセン（解説風）			3
イマジナリー虞美人			3
インドの少女	印度少女	印度少女	3
ウィンキー（ロブとワグの悪友）	温基（罗布与瓦格的损友）	溫奇（羅布與瓦格的損友）	3
ウェアジャガーさん	半豹人	半豹人	3
ウェイトレス			3
ウェンディゴ			3
ウルク兵士Ｂ	乌鲁克士兵B	烏魯克士兵B	3
ウルク市民Ａ	乌鲁克市民A	烏魯克市民A	3
ウルク市民Ｂ	乌鲁克市民B	烏魯克市民B	3
ウルク市民Ｄ	乌鲁克市民D	烏魯克市民D	3
エドワード・ペリィーチ			3
エリザベート？	伊丽莎白？	伊莉莎白？	3
オグ			3
オジマンディアス（妄想）			3
オジマンディアス？	奥斯曼狄斯？	奧茲曼迪亞斯？	3
オンファムの声	翁法姆的声音	翁法姆的聲音	3
オールド・ドバイ市民Ｄ	旧迪拜市民Ｄ	舊杜拜市民Ｄ	3
カエサル？	恺撒？	凱撒？	3
カメラマン			3
カルデア職員Ａ	迦勒底职员Ａ	迦勒底職員Ａ	3
カレン？	卡莲？		3
カーター？	卡特？	卡特？	3
キングプロテア・ソチナトル	Kingprotea Xochitonal	Kingprotea Xochitonal	3
ギガフレーム・メカエリチャン			3
ギャングＢ			3
グロスターの下級妖精	格洛斯特的下级妖精	格洛斯特的下級妖精	3
ケルピー			3
コッコ			3
ゴールデンな声	Golden的声音	Golden的聲音	3
ゴーレムマスター			3
サメ騎士Ａ			3
サメ騎士Ｂ			3
シオン？	希翁？	紫苑？	3
シルビア	西尔维亚		3
シンセンブラック	新选Black	新選Black	3
ジャックの声	杰克的声音	傑克的聲音	3
スカサハ＝スカディＢ	斯卡哈·斯卡蒂B	斯卡薩哈=斯卡蒂B	3
スカサハ＝スカディＣ	斯卡哈·斯卡蒂C	斯卡薩哈=斯卡蒂C	3
セレブなムーン・ドバイ市民	名流月球迪拜市民	名流月球杜拜市民	3
セレブＡ	名流A	名流A	3
ゼノビア？	芝诺比阿？	潔諾比亞？	3
タマモキャット２			3
ダストン	达斯顿		3
テスラ			3
テロリストＢ	恐怖分子B	恐怖分子B	3
トゥーヤマの金さん			3
ナレーション・マシュ			3
ナージャーワン			3
ニキチッチの声	尼基季奇的声音	尼基季奇的聲音	3
ネモ・マリーン（観測手・右）	尼莫水兵（观测手·右）	尼莫水兵（觀測手．右）	3
ネモ？Ｄ	尼莫？D	尼莫？D	3
ノクナレア軍・伝令兵	诺克娜蕾军·传令兵	諾克娜蕾雅軍．傳令兵	3
バイトのお姉さん			3
バベッジ（ー）			3
バーゲストの兵士	巴格斯特的士兵	巴格斯特的士兵	3
バーサーク・アーチャー	狂化弓兵	狂化Archer	3
バーテンダー			3
ファーたち			3
ベッドで跳ね起きる男	从床上跳起来的男人	從床上跳起來的男人	3
ホームズ？	福尔摩斯？	福爾摩斯？	3
マガツ謙信ノカミ			3
ミステリアン・サーヴァント３号			3
ミュージシャン			3
ムーン・ドバイ市民Ａ	月球迪拜市民Ａ	月球杜拜市民Ａ	3
メイドゥーサ			3
メディア？	美狄亚？	美狄亞？	3
モブ女	龙套女	龍套女	3
モブＦ？			3
モルガンの声	摩根的声音	摩根的聲音	3
モルガン兵	摩根士兵	摩根軍士兵	3
モルガン軍の兵士	摩根的士兵	摩根軍士兵	3
モンスター	怪物	怪物	3
ラジオ放送			3
ラニ＝Ｄ	拉妮－Ｄ	拉妮＝Ｄ	3
ランスロットたち	兰斯洛特们	蘭斯洛特們	3
レジスタンスの男	反抗者男性	反抗者男性	3
レジスタンス男Ｄ	反抗者男性D	反抗者男性D	3
レジスタンス達	反抗者们	反抗者們	3
レフ・ゲーティア	レフ・ゲーティア		3
ローランっぽい何か	类似罗兰的某种东西	類似羅蘭的某種東西	3
ローラン？	罗兰？	羅蘭？	3
ローン・イーグル			3
ワイバーン	双足飞龙	雙足飛龍	3
ワニ？			3
ワルキューレたち	ワルキューレたち	瓦爾基麗們	3
ワルキューレ軍団	ワルキューレ軍団		3
ワルキューレ？			3
ワルキューレ？？			3
ワンジナ？	ワンジナ？	旺吉娜？	3
一度燃やされたイアソンくん			3
一般参加者Ｅ			3
三人の子供			3
予言の子	预言之子	預言之子	3
二人の巌窟王	两位岩窟王	兩位巖窟王	3
二騎の戦乙女	两骑女武神	兩騎女武神	3
京の町娘			3
人斬りＩＺＯ			3
人間の店番	人类店员	人類店員	3
会津藩士	会津藩士	會津藩士	3
作業服の女性	身穿工作服的女性	身穿工作服的女性	3
修理業者			3
偉そうな人			3
兄弟たち			3
八犬士			3
公園に集まったＡＩたち	聚集在公园的ＡＩ们	聚集在公園的ＡＩ們	3
兵士の声Ｂ	士兵的声音B	士兵的聲音B	3
内裏の貴女	禁中的高贵女性	內裏的高貴女性	3
円卓の騎士たち			3
円卓軍の兵士たち	圆桌军士兵们	圓桌軍士兵們	3
刑部姫Ｂ			3
列車強盗・頭目			3
刺客			3
劇場関係者	剧院工作者	劇院工作者	3
北条ガウェインホワイト			3
北条モードレッドレッド			3
反乱軍の兵士Ｃ	反叛军士兵C	反叛軍士兵C	3
収容されていた少女	被收容的少女	被收容的少女	3
名も知らぬ女性	不知名的女性	不知名的女性	3
名も知らぬ男性	不知名的男性	不知名的男性	3
周囲の生徒たち	周围的学生	周圍的學生	3
周囲の貴族たち	周围的贵族们	周圍的貴族們	3
呼延灼の声	呼延灼的声音	呼延灼的聲音	3
咸陽市民Ａ	咸阳市民A	咸陽市民A	3
喋る亀			3
囃し立てる町人	热闹的城镇居民	熱鬧的城鎮居民	3
城下の子供	城里的孩童	城裡的孩童	3
基地内放送	基地内广播	基地內廣播	3
夏の幽霊			3
外から聞こえてくる詩	外面传来的诗歌	外面傳來的詩歌	3
大石像			3
大黒天？	大黑天？	大黑天？	3
天使・第七階梯？	天使·第七阶梯？		3
奉公人			3
女剣士の声	女剑士的声音	女劍士的聲音	3
女子寮長			3
女海賊達	女海盗们	女海盜們	3
女王の衛士	女王的卫士	女王的衛士	3
女神信奉団（エウリュアレファン）			3
女Ａ	女性A	女性A	3
妖精の大使	妖精大使	妖精大使	3
妖精亡主	妖精亡主	妖精亡主	3
妖精士官たち	妖精士官们	妖精士官們	3
妖精騎士	妖精骑士	妖精騎士	3
妙に迫力のある埴輪			3
子豚たち	小猪们	小豬們	3
小人			3
小柄な妖精	矮小的妖精	矮小的妖精	3
少女の声	少女的声音	少女的聲音	3
少年時代のベリル	少年时代的贝里尔	少年時代的貝里爾	3
屈強なムーン・ドバイ市民	强壮的月球迪拜市民	強壯的月球杜拜市民	3
屈強な半魚人			3
岡っ引き“静”			3
巫女姿のキャスター			3
市民たち	市民们	市民們	3
広域殲滅機械	广域歼灭机械	廣域殲滅機械	3
広場に集まった妖精たち	聚集在广场的妖精们	聚集在廣場的妖精們	3
広場の妖精たち	广场上的妖精们	廣場上的妖精們	3
店員？			3
強面の男	面容可怕的男人	面容可怕的男人	3
得体の知れないもの			3
徴姉妹	徴姉妹	徵氏姐妹	3
心をなくした客			3
怪物・女	怪物·女性	怪物・女性	3
怪腕のゴズール	怪腕之戈兹尔		3
悪霊剣士			3
悪鬼羅刹			3
悲しそうなディノス	似乎很悲伤的迪诺斯	似乎很悲傷的迪諾斯	3
愉快なランサー			3
戦士の声	战士的声音	戰士的聲音	3
手下Ｂ			3
手足が透けだしているＡＩ	手脚逐渐透明的ＡＩ	手腳逐漸變得透明的ＡＩ	3
指揮官	指挥官	指揮官	3
放送			3
教団幹部			3
敵軍	敌军	敵軍	3
旗本	旗本	旗本	3
暴食区の罪人	暴食区的罪人		3
曲亭馬琴？	曲亭馬琴？	曲亭馬琴？	3
月笑騎士団たちの声	月笑骑士团员们的声音	月笑騎士團員們的聲音	3
月笑騎士団Ａ	月笑骑士团员Ａ	月笑騎士團員Ａ	3
月笑騎士団Ｂ	月笑骑士团员Ｂ	月笑騎士團員Ｂ	3
村の女性	女性村民	女性村民	3
村の男性	男性村民	男性村民	3
村人らしき男			3
板長			3
株式会社ＱＫ・おーん			3
検体：Ｅ	検体：Ｅ		3
楊貴妃？	琰女？	楊貴妃？	3
模範的ローマ市民（ネロファン）			3
機械の鷲			3
歌い手Ｐ			3
正論なディノス	正論なディノス		3
歴戦の警官	身经百战的警官	身經百戰的警官	3
死滅の尾			3
死霊騎士	死灵骑士	死靈騎士	3
母ディノス	母亲迪诺斯	母親迪諾斯	3
洋装の男	洋装男子	洋裝男子	3
浪士			3
海賊仲間	海盗同伴	海盜同伴	3
清少納言（人生を振り返らない）			3
源義経オルタ風			3
燃え盛る炎	燎燃的火焰	盛燃的火焰	3
牧場主Ａの証言	牧场主A的证言	牧場主A的證言	3
狙撃兵			3
猿飛クロ助			3
獅子心王？			3
獅子面の騎士	狮子面骑士	獅子面騎士	3
理性的なマシーン			3
理知的なディノス	理知的なディノス		3
男の声４			3
町の民の声	镇民的声音	鎮民的聲音	3
町人・乙			3
異常竜種	异常龙种	異常龍種	3
白い礼服の旧人類	身穿白色礼服的旧人类	身穿白色禮服的舊人類	3
白馬	白马	白馬	3
目の良いディノス	目の良いディノス		3
目覚めた男	苏醒的男人	甦醒的男人	3
穏やかに微笑むディノス	温和微笑的迪诺斯	溫和微笑的迪諾斯	3
穢れた騎士			3
突撃兵			3
笑うディノス	面带笑容的迪诺斯	面帶笑容的迪諾斯	3
笑う亀			3
粛正騎士？	肃正骑士？	肅正騎士？	3
紫髪の茶屋娘			3
紳士Ａ			3
紳士Ｂ			3
維新新選組・ヒジカタ			3
緑茶			3
群衆			3
腹筋自慢のバーサーカー			3
腹筋自慢の女王			3
若々しいディノス	朝气蓬勃的迪诺斯	朝氣蓬勃的迪諾斯	3
英雄			3
英霊兵			3
荷運びゴーレム			3
蒼く輝くシエル	苍辉之希耶尔	蒼輝之希耶爾	3
藤吉			3
衛生兵			3
見張りの妖精Ｂ	看守的妖精B	看守的妖精B	3
観光客の子供			3
観光客を装った海賊			3
観客Ｃ			3
記録			3
証言者Ｂ	证人B	證人B	3
謎のウェイトレス２号			3
謎の姫	神秘的公主	神秘的公主	3
謎の御前	神秘的御前	神秘的御前	3
謎の新選組女			3
謎の沖田Ｘ	谜之冲田X	謎之沖田X	3
謎の画家			3
警備員たち			3
護衛スタッフＡ			3
豊臣秀頼			3
豊臣鶴松			3
逃げ惑うサークル参加者たち			3
逃げ惑うサークル参加者Ｄ			3
這い蠢く瘴気			3
逸れのバーサーカー？			3
運動部の生徒	体育社团的学生	體育社團的學生	3
遠くからの声	远处传来的声音	遠處傳來的聲音	3
遠くの声			3
邪馬台国亡者			3
酷吏Ｂ			3
里の女	村里的女性	村裡的女性	3
里の老爺	村里老头	村裡老頭	3
金の亡者			3
金色魔太閤秀吉			3
鈴鹿御前〔サマバケ〕	铃鹿御前〔暑假〕	鈴鹿御前〔暑假〕	3
陸ファーの男			3
隊長	队长	隊長	3
集落の男性			3
雑賀エミヤ・オルタ			3
霧隠ミユ蔵			3
頭に響いてくる巫女の声			3
頼光	赖光	賴光	3
風魔と絡繰	风魔与机关	風魔與機關	3
馬	马	馬	3
馬琴あらためお路			3
騎士？	骑士？	騎士？	3
高杉重工広報			3
鬼参			3
鬼武蔵			3
魔法使い			3
魔王信長？	魔王信長？	魔王信長？	3
魔神オリアス	魔神欧里亚斯	魔神歐里亞斯	3
黒髭幹也			3
４人			3
？？？？？	？？？？？	？？？？？	3
Ａチーム			3
Ｂチーム			3
Ｃチーム			3
ＧＬＢ			3
ＳＰ２			3
10歳の少年	10岁的少年	10歲的少年	2
30の大使、100の官司たち	三十位大使、百位官吏们	三十位大使、百位官吏們	2
C.I.E.L	C.I.E.L	C.I.E.L	2
Ⅱ号機量産型			2
■■■	■■■	■■■	2
■■■■			2
■ナ■	■娜■	■娜■	2
■ナコ	■娜可	■娜可	2
【箭五郎】			2
あわてるディノス	慌张的迪诺斯	慌張的迪諾斯	2
いかつい男性	严厉的男性	嚴厲的男性	2
いつか相棒だった気がする海賊			2
うつろな目のＡＩ	眼神空洞的ＡＩ	眼神空洞的ＡＩ	2
おかあさん			2
おき太			2
おとなしい業者			2
お人好しっぽい埴輪			2
お茶のマシュ博士			2
かつて最後尾だった男			2
しりあるきらー			2
すごい女の子			2
たくさん			2
どう見ても亀			2
どこかで戦った気がする海賊			2
ならず者	无赖	無賴	2
ねろボーイズ			2
やわらかいチンピラ			2
ゆるキャラＡ	吉祥物A	吉祥物A	2
アイスキャンディー屋さん			2
アイリ	爱丽	愛麗	2
アキバガード兼ねろボーイズ			2
アキレウス（ボンクラＣ）			2
アキレウス（話を聞いていない）			2
アナスタシア（牛タン美味しい）			2
アマデウス？	阿马德乌斯？	阿瑪迪斯？	2
アルくん			2
アルジュナ？	阿周那？	阿周那？	2
アルトちゃん			2
アンドロメダの声	アンドロメダ的声音	安朵美達的聲音	2
イフリータ			2
イフリータ（？）			2
イマジナリーキルケー			2
イリヤスフィール・テスタメント			2
イリヤ（スローモーション）			2
イリヤ（遊んでいる）			2
イリヤ（ＩＱ２）			2
インテリア			2
ウッドワスの兵士	伍德沃斯的士兵	伍德沃斯的士兵	2
ウルク市民Ｃ	乌鲁克市民C	烏魯克市民C	2
エイリーク血斧王	血斧王埃里克	血斧王埃里克	2
エミヤ・オルタ？	卫宫·Alter？	Emiya．Alter？	2
エリっさ			2
エリザベートたち	伊丽莎白们	伊莉莎白們	2
エリザベートたち（？）			2
エリザベート（城主）			2
エリザベートｓ	伊丽莎白s	伊莉莎白s	2
オリオン（ヘラクレス？）			2
オリオンＡ			2
オリオンＢ			2
オリオンＣ			2
オロチのお竜			2
オールド・ドバイの市民たち	旧迪拜市民们	舊杜拜市民們	2
オールド・ドバイ市民Ｃ	旧迪拜市民Ｃ	舊杜拜市民Ｃ	2
カリギュラ？	卡利古拉？	卡利古拉？	2
カルデアスタッフＣ	迦勒底工作人员C	迦勒底工作人員C	2
カルデア日報			2
カルデア職員ｓ			2
カンガルーたち			2
カーマ（左）			2
カーマ（真ん中）			2
カーミラ？	卡米拉？	卡米拉？	2
カール大帝（？）	卡尔大帝（？）	卡爾大帝（？）	2
キジバト			2
ギャングＡ			2
ギャンブラー			2
クレオパトラの声	克娄巴特拉的声音	克麗奧佩脫拉的聲音	2
グガランナマークⅡ			2
グリム	格里姆	格里姆	2
ケツァルコアトルス	羽蛇神翼龙	羽蛇神翼龍	2
ケノ			2
ケーキ・ガーディアン	蛋糕守卫	蛋糕守衛	2
ゲンパチ			2
コロンブス（？）×３			2
コートの男	穿外套的男人	穿外套的男人	2
ゴーレム？？？			2
サファイア（ナレーション）			2
サメ騎士ＡＢ			2
サリエリ先生？	萨列里老师？	薩里耶利老師？	2
シェリンガム？			2
シャンシャン	夏夏	夏夏	2
シンシンさん			2
ジャガーの戦士			2
ジャガーの戦士たち	ジャガーの戦士たち	豹戰士們	2
スターガーディアン・タロス	星卫·塔罗斯	星衛．塔羅斯	2
ステージ上からの声	舞台上方传来的声音	舞臺上方傳來的聲音	2
スフィンクス			2
スプリガンの衛士Ａ	斯普里根的卫士A	斯普利根的衛士A	2
スポーツジムの二人			2
セイバーのマスター	Saber的御主	Saber的御主	2
セプテムの言祝ぎ			2
タマモキャット３			2
タマモーズ			2
ダレイオス			2
ダ・ヴィンチじゃなさそう			2
ダークお母さんチョコ			2
チャチャ	茶茶	茶茶	2
テレビ放送			2
テロリスト	恐怖分子	恐怖分子	2
テロリストＡ	恐怖分子A	恐怖分子A	2
デイノニクス11兄弟・四男	恐爪龙十一兄弟·老四	恐爪龍十一兄弟．老四	2
デイヴィット	戴维特	達維特	2
デオン？	迪昂？	德翁？	2
デーモンソード	恶魔之剑	惡魔之劍	2
トネリコ？	梣？	托內莉可？	2
トラックの運転手			2
トレーナーのお姉さん			2
トーテムポール			2
ドゥルシネーア	杜尔西内娅	杜爾西內亞	2
ドクターの声	医生的声音	醫生的聲音	2
ドルイド・ゴースト	德鲁伊鬼魂	德魯伊鬼魂	2
ドレスを着た妖精	穿着礼裙的妖精	穿著禮服的妖精	2
ドレッドノートたち			2
ナイチンゲール？	南丁格尔？	南丁格爾？	2
ニコラ	尼古拉·特斯拉	尼古拉．特斯拉	2
ノイズ混じりの声	混着杂音的声音	混著雜音的聲音	2
ハンバーグの鬼とシーフードの鬼			2
バイオチキン			2
パイロン坂本			2
パリス？	帕里斯？	帕里斯？	2
ビーチの管理人			2
ピエールズ			2
ピエールＤ			2
ファンＣ			2
フォウ？	芙芙？	芙芙？	2
フォーリナー一同	全体降临者	全體Foreigner	2
フランソワの声			2
ブランカ	布兰卡	布蘭卡	2
ヘクトール？	赫克托耳？	赫克特？	2
ヘシアン（一部実体化中）			2
ベガスのスタァ			2
ベディヴィエール？	贝德维尔？	貝德維爾？	2
ペルセウス			2
ボリヤー	鲍里亚	鮑里亞	2
ボーダー一同	ボーダー一同		2
マイルーム守護者			2
マガツオカダ四天王			2
マガツ信玄ノカミ			2
マガツ書文ノカミ			2
マガツ煉獄ソード			2
マガツ駒姫ノカミ			2
マガツ魔さんノカミ			2
マクベス	麦克白	馬克白	2
マシンアーサー	机器亚瑟	機器亞瑟	2
マタ・ハリ？	玛塔·哈丽？	瑪塔・哈里？	2
マハトマ騎士団（警備スタッフ）			2
マルタ調査官			2
ミカ騎士			2
ミケランジェロ・ゴースト	米开朗基罗鬼魂	米開朗基羅鬼魂	2
メフィストフェレス（？）	梅菲斯托费勒斯（？）	梅菲斯托費勒斯（？）	2
モアイ兵士			2
モヒカン男			2
モヒカン男達			2
モヒカン男Ａ			2
モヒカン男Ｂ			2
モヒカン男Ｃ			2
モブ女Ｂ	龙套女B	龍套女B	2
モブＢ？			2
モブＣ？			2
モブＨ？			2
モリアーティ（自称）			2
ヤクザ			2
ラムレイ	拉姆瑞	拉姆瑞	2
リリス（隠れて待ってた）			2
リース			2
ルサールカ			2
レオニダス一世？			2
レジスタンス男Ｅ	反抗者男性E	反抗者男性E	2
ロケットランチャーをいじるディノスＢ	摆弄火箭弹发射器的迪诺斯B	擺弄火箭彈發射器的迪諾斯B	2
ロブ（兄貴分）	罗布（大哥）	羅布（大哥）	2
ロンディニウムの住人	伦蒂尼恩的居民	倫蒂尼恩的居民	2
ローマ軍団	罗马军团	羅馬軍團	2
ワグ（弟分）	瓦格（小弟）	瓦格（小弟）	2
ワニ兵士たち			2
ヴァジュラたち			2
ヴラド三世？	弗拉德三世？	弗拉德三世？	2
一緒に乾杯するワグ	一起干杯的瓦格	一起乾杯的瓦格	2
不思議な声			2
不愉快な笑顔の少年少女			2
予言の子派の妖精	预言之子派的妖精	預言之子派的妖精	2
予言の村正	预言之村正	預言之村正	2
人々	人们	人們	2
人の声	人类的声音	人類的聲音	2
人形			2
人狼	人狼	人狼	2
人質			2
仔豚たち	仔猪们	小豬們	2
仕事中の女将			2
代表一同			2
休憩していた警官	休息中的警官	休息中的警官	2
住人たち			2
住民ＡＢＣ			2
使いすぎて棄てられた少女	被使用过度遭到丢弃的少女	被使用過度遭到丟棄的少女	2
信者Ａ			2
信長（本人）			2
側にいた妖精	身旁的妖精	身旁的妖精	2
偽ダ・ヴィンチだった何か			2
僧侶			2
元水着新選組一番隊隊長			2
光			2
兵士Ａ	士兵A	士兵A	2
円卓軍の兵士Ａ	圆桌军士兵A	圓桌軍士兵A	2
円卓軍の兵士Ｂ	圆桌军士兵B	圓桌軍士兵B	2
処刑人			2
処刑装置	处决装置	處決裝置	2
列車強盗・客分			2
判事《食屍鬼》	法官《食尸鬼》	法官《食屍鬼》	2
北条トリスタンレッド			2
匿名のオジサン			2
匿名のシェフ			2
匿名の人造人間			2
匿名の物語ウーマン			2
千歳市民の女の子			2
卑屈そうな埴輪			2
参列していた北の妖精たち	观礼的北方妖精们	觀禮的北方妖精們	2
反乱軍の兵士Ａ	反叛军士兵A	反叛軍士兵A	2
反省した妖精	反省了的妖精	已經反省的妖精	2
収容されていた子供	被收容的孩子	被收容的孩子	2
収容されていた男性	被收容的男性	被收容的男性	2
口を開けているＡＩ	张大着嘴的ＡＩ	呆然張著嘴的ＡＩ	2
古代火星人Ｃ			2
可憐なるエリザベート			2
可憐な姫	惹人怜爱的公主	惹人憐愛的公主	2
咸陽市民Ｂ	咸阳市民B	咸陽市民B	2
城の衛兵			2
外国人Ａ			2
大聖堂の衛士	大圣堂的卫士	大聖堂的衛士	2
大黒天たち	大黑天们	大黑天們	2
天使・第七階梯	天使·第七阶梯		2
太陽神ククルカン	太阳神库库尔坎	太陽神庫庫爾坎	2
奇妙な少年			2
女中			2
女子生徒	女学生	女學生	2
女性客たち			2
女性客Ｄ			2
女性客Ｇ			2
女王派の妖精	女王派的妖精	女王派的妖精	2
妖怪・夢追い歯茎			2
妖精さん	妖精	妖精	2
妖精馬	妖精马	妖精馬	2
妖精騎士バーゲスト			2
妖精（酒場の主人）	妖精（酒馆的主人）	妖精（酒館的主人）	2
嬉しそうなディノス	似乎很高兴的迪诺斯	似乎很高興的迪諾斯	2
子供たちの声	孩子们的声音	孩子們的聲音	2
子供達	孩子们	孩子們	2
客たち			2
客（昼休憩中）			2
客Ｄ			2
宮中の貴人	宫中的贵人	宮中的貴人	2
小太郎			2
少し前のピンチノッブ（笑）			2
屈強な体格の妖精	体格健壮的妖精	體格健壯的妖精	2
屋台の店員			2
山賊	山贼	山賊	2
岐秀元伯			2
巨大怪獣			2
巨大生物	巨大生物	巨大生物	2
巴と千代女		巴和千代女	2
帝都七本槍			2
帝都市民			2
平景清？	平景清？	平景清？	2
年経た武士	年迈的武士	年邁的武士	2
幻霊探偵たち	幻灵侦探们		2
幼年系サーヴァントたち	幼年系从者们	幼年系從者們	2
店番に戻ってきたディノス	回来看店的迪诺斯	回來看店的迪諾斯	2
店番のディノス	看店的迪诺斯	看店的迪諾斯	2
店番をしているディノス	看店的迪诺斯	看店的迪諾斯	2
庭好きの妖精	热爱园艺的妖精	熱愛園藝的妖精	2
引率の教師			2
影の騎士たち			2
役人			2
怠惰な石像神			2
怪物たち	怪物们	怪物們	2
息子たち	息子たち		2
悪魔			2
感謝する妖精	表示感谢的妖精	表示感謝的妖精	2
戦士			2
手下Ａ			2
招待された妖精	受邀的妖精	受邀的妖精	2
斥候ちびノブ			2
新入員（女性）	新人（女性）	新人（女性）	2
新入員（男性）	新人（男性）	新人（男性）	2
明るい男性	开朗的男性	開朗的男性	2
暴れ豚			2
書店員			2
最強のふたり	最强的两人	最強的兩人	2
最後尾だった男			2
月笑騎士団・過激派Ｃ	月笑骑士团·激进派Ｃ	月笑騎士團．激進派Ｃ	2
木の杯を手にした妖精	手持木杯的妖精	手持木杯的妖精	2
本？			2
村人《食屍鬼》	村民《食尸鬼》	村民《食屍鬼》	2
村人の女	女性村民	女性村民	2
某メソポタミアの女神			2
機械化兵士			2
武者たち	武者们	武者們	2
武装した兵士	全副武装的士兵	全副武裝的士兵	2
残念そうなディノス	有些遗憾的迪诺斯	有點遺憾的迪諾斯	2
水着姫			2
水着怪盗			2
水着新選組セレブマリーさん			2
水着新選組叛逆モーさん			2
水着新選組海賊メアリー			2
水着新選組監察の清姫			2
氷の魚の群れ			2
浴槽にぷかぷか浮かぶ謎の生物			2
海賊’ｓ	海盗’ｓ	海盜們	2
海賊？	海盗？	海盜？	2
海賊ＡＢＣ			2
海賊ｓ			2
深草少将			2
混対スタッフ			2
清姫（興味なし）			2
港の女			2
牙の妖精Ａ	牙之妖精A	牙之妖精A	2
牙の氏族・古兵	牙之氏族·老兵	牙之氏族．老兵	2
物陰の男	暗处的男人	暗處的男人	2
犬	狗	狗	2
獅子			2
玉藻			2
王の氏族	王之氏族	王之氏族	2
王の軍勢			2
王妃			2
現地人？			2
男たち	男人们	男人們	2
男の声３			2
男の声５			2
町の住民Ａ			2
町の住民Ｂ			2
町の民	镇民	鎮民	2
発明王	发明王	發明王	2
盗賊達	盗贼们	盜賊們	2
盗賊Ａ			2
盗賊Ｂ			2
研究員	研究员		2
研究員Ｂ	研究员B	研究員B	2
砦の兵士Ｃ	堡垒的士兵C	堡壘的士兵C	2
祈る男	祈祷的男人		2
穏やかな女性	温和的女性	溫和的女性	2
空からの声	天上传来的声音	天上傳來的聲音	2
紳士	绅士	紳士	2
紳士Ｃ			2
給仕	侍者	侍者	2
維持部ＡＩ	维持部ＡＩ	維持部ＡＩ	2
維持部ＡＩ（ラニ＝Ｋ）	维持部ＡＩ（拉妮－Ｋ）	維持部ＡＩ（拉妮＝Ｋ）	2
織田信長（本物）			2
群れ集う贄（酒呑童子ファン）			2
耳をたてているＡＩ	竖起耳朵的ＡＩＡＩ	仔細聆聽的ＡＩ	2
聖都軍兵士Ａ	圣都军士兵A	聖都軍士兵A	2
職員			2
若い牙の氏族たち	年轻的牙之氏族们	年輕的牙之氏族們	2
若干卑屈っぽい埴輪			2
茶屋の店主	茶铺的老板	茶鋪的老闆	2
葛飾北斎（未体験者）			2
融合音怨			2
街の住人	城市居民	城市居民	2
衛宮切嗣			2
被害者たち			2
裸エプロンの給仕	裸体围裙的侍应	裸體圍裙的服務生	2
親族Ａ			2
親族Ｂ			2
親父	老爹	老爹	2
謎のア、クマ？			2
謎のオルガマリーＸ	謎のオルガマリーＸ		2
謎のスマートフォン			2
謎の人斬り？？？			2
謎の小動物			2
謎の怪物			2
謎の発明家	谜之发明家	謎之發明家	2
謎の童女			2
謎の赤ん坊			2
警告			2
警報			2
護衛の兵士	护卫的士兵	護衛的士兵	2
豚を愛でる大魔女			2
超駒姫			2
軍勢			2
近所の漁師			2
近衛兵	禁卫兵	禁衛兵	2
通りすがった貴人	路过的贵人	路過的貴人	2
通りすがりのディノスたち	路过的迪诺斯们	路過的迪諾斯們	2
通りすがりの野次馬			2
通行人			2
遊び人			2
道一丸			2
避難民			2
邪霊たち			2
邪馬台国の民			2
部下	部下		2
部下Ｂ	部下B	部下B	2
都市の記憶	都市の記憶		2
酒呑童子の声	酒吞童子的声音	酒吞童子的聲音	2
酷吏Ａ			2
里の男	村里的男性	村裡的男性	2
量産型コロンブス×１００			2
金時			2
金髪の妖精	金发妖精	金髮妖精	2
銃器をいじるディノスＡ	摆弄枪械的迪诺斯A	擺弄槍械的迪諾斯A	2
銃器をいじるディノスＣ	摆弄枪械的迪诺斯C	擺弄槍械的迪諾斯C	2
鋼の怪	钢铁怪物	鋼鐵怪物	2
鍛冶手伝いの少年	帮忙锻造的少年	幫忙鍛造的少年	2
霜の巨人	霜之巨人	霜之巨人	2
露店オセロトル	摊贩奥塞洛特尔	攤販奧塞洛特爾	2
音怨ドラム・サッドネス			2
音怨ベース・ミザリー			2
食屍鬼たち	食尸鬼们	食屍鬼們	2
首領	首领	首領	2
駆けつけた警官	赶来的警官	趕來的警官	2
騎士グラント	骑士格兰特	騎士格蘭特	2
騎士団員ハピネス	骑士团员快乐	騎士團員快樂	2
騎士団員フィアレス	骑士团员无畏	騎士團員無畏	2
騎士Ａ	骑士A	騎士A	2
高名な天才芸術家			2
髭とローマ（太）			2
魔獣インヴィディア			2
魔神柱アモン・ラー	魔神柱亚蒙·拉	魔神柱亞蒙．拉	2
鳩	鸽子	鴿子	2
３割予言の子の村正	三成预言之子的村正	三成預言之子的村正	2
？？？に抱かれた蛾	被？？？抱着的蛾	被？？？抱著的蛾	2
ＡＤ			2
ＤＯＧポリス			2
Ｍ・Ｃ・Ｂたち			2
Ｕ	U	U	2
Ｕ－オルガマリー？	Ｕ－オルガマリー？	U－奧爾嘉瑪麗？	2
%1？	%1？	%1？	1
1010010111010101■■	1010010111010101■■	1010010111010101■■	1
Dr.イビル			1
Mr.サムワン			1
“礼”の犬士			1
■■ー■■	■■内■■	■■迦■■	1
■ラ■ック	■拉■克	■拉■克	1
【黄金】			1
あわてるふたり			1
い ま が わ へ い			1
いじわるなおばあさん			1
いつのまにかいるオリべえ			1
いろんなセイバー	各种Saber	各種Saber	1
うま	马	馬	1
おき茶オルタ			1
おぬいの声	阿缝的声音	阿縫的聲音	1
お二人とも	两人	兩人	1
お子様組			1
お客様たち			1
お客様Ａ			1
お客様Ｂ			1
お客様Ｃ			1
お客様Ｄ			1
お拾			1
お米ゴーレム			1
かつて人であったモノ	曾经为人之物	曾經為人之物	1
かぶきノッブ			1
ぐんしん！			1
ご機嫌なムーン・ドバイ市民たち	快活的月球迪拜市民们	情緒高昂的月球杜拜市民們	1
その他の一同			1
その他の人々			1
ただのイシュタルさん			1
たまたま近くを通りがかったフォウ			1
ちょっかいかけたのを怒っている二人	因其对御主出手而生气的两个人	因其對御主出手而生氣的兩個人	1
でかノブ			1
できたての料理			1
ひがいしゃ			1
まじんさん			1
やるせないディノス	闷闷不乐的迪诺斯	悶悶不樂的迪諾斯	1
やるせなかったディノス	刚才还闷闷不乐的迪诺斯	剛才還悶悶不樂的迪諾斯	1
よく見たら蘭丸Ｘでも蘭丸でもない何か			1
ればのん			1
わるい魔法使い			1
アキバガードたち			1
アキレウスの声	阿喀琉斯的声音	阿基里斯的聲音	1
アキレウス（ほぼ無敵）			1
アキレウス（イチボ美味い）			1
アキレウス（無視）			1
アキレウス（聞いてない）			1
アグラヴェイン？	阿格规文？	亞格拉賓？	1
アシュタレト親衛隊			1
アストルフォ（セイバー）			1
アストルフォ（直感的なアレ）			1
アタランテ？	阿塔兰忒？	阿塔蘭塔？	1
アニマルたち			1
アマゾネスの声	亚马逊人的声音	亞馬遜人的聲音	1
アマゾネスＥ			1
アラハバキ・弐号機			1
アルキャス			1
アルテミス達	阿耳忒弥斯们	阿耳忒彌斯們	1
アルテミスＣ			1
アルテミスＤ			1
アルテミスＥ			1
アンプロワイエ			1
アン？	安妮？	安妮？	1
アース	アース		1
イアソン・アルゴー			1
イアソン（←マクダフ）			1
イアソン（０．１秒）			1
イアソン（０．２秒）			1
イアソン（０．３秒）			1
イアソン（０．４秒）			1
イアソン（０．５秒）			1
イアソン（０．６秒）			1
イアソン（０．７秒）			1
イアソン（０．８秒）			1
イシュタル（回想）	伊什塔尔（回忆）	伊絲塔（回憶）	1
イシュタル（妄想）			1
イマジナリーフォウくん	假想芙芙	假想芙芙	1
イマジナリー・フォウくん			1
イメージ上の金時			1
イリヤの声	伊莉雅的声音	伊莉雅的聲音	1
イリヤ（沈痛）			1
イリヤ（＋0.5kg）			1
イリヤ（ＩＱ低下中）			1
イワブネ			1
インドラかもしれないもの			1
インドラっぽいもの			1
インフェルノ	Inferno	Inferno	1
ウェールズの妖精Ａ	威尔士的妖精A	威爾斯的妖精A	1
ウェールズの妖精Ｂ	威尔士的妖精B	威爾斯的妖精B	1
ウガル	乌伽尔	烏伽爾	1
ウッドワス軍・士官	伍德沃斯军·士官	伍德沃斯軍．士官	1
エ キ ス ト ラ			1
エコー			1
エジソン・テスラ			1
エミヤ（沈痛）			1
エリザベート（ドヤァ……）			1
エリザベート（聞いてない）			1
エリザベート（？）			1
エリセ（チョコミント）			1
エレシュキガルの声	埃列什基伽勒的声音	埃列什基伽勒的聲音	1
エレシュキガル・オルタの声	埃列什基伽勒·Alter的声音	埃列什基伽勒．Alter的聲音	1
オカダステークス			1
オケアノスのキャスター	俄刻阿诺斯的Caster		1
オズボーン《食屍鬼》	奥斯本《食尸鬼》	奧斯本《食屍鬼》	1
オタクサン			1
オニムサシ			1
オリオン達	俄里翁们	俄里翁們	1
オリオンＤ			1
オリュンポス山の村人たち			1
オリュンポス正規兵たち	奥林波斯正规兵们	奧林帕斯正規兵們	1
オルガ	奥尔加	奧爾嘉	1
オルトリンデ（ちゃっかりもの）			1
カイニス（あ、この肉美味え）			1
カエサリオンの声	恺撒里昂的声音	Caesar Lyon的聲音	1
カエサルの声	恺撒的声音	凱撒的聲音	1
カエサルの遠い声			1
カジノ客Ａ			1
カジノ客Ｂ			1
カジノ客Ｃ			1
カフェのウェイター			1
カリブ海代表			1
カルデアお仕置き人			1
カルデアゲーム部一同			1
カルデアスタッフたち	迦勒底工作人员们	迦勒底工作人員們	1
カルデア家臣団			1
カルデア家足軽			1
カルナ？	迦尔纳？	迦爾納？	1
カレーショップのお姉さん			1
カーマｓ			1
ガ■ー■■	亻■内■■	神■迦■■	1
ガウェインの兵士・Ｂ	高文的士兵B	高文的士兵B	1
ガウェイン（夢見てた）			1
ガネー■■	亻加内■■	神靈迦■■	1
ガネー■ャ	亻加内■十	神靈迦■薩	1
ガベージ	垃圾		1
ガラガラオロチ			1
ガラテアチョコ			1
ガレぴっぴ			1
キャスト			1
キャストたち			1
キャスト一同			1
キャップン			1
キャメロットの騎士たち			1
キリエの声	基列的声音	基利艾的聲音	1
キングモアイ			1
ギャングたち			1
ギルガメッシュＰ			1
クラスメイト女子Ａ	班上的女生Ａ	班上的女生Ａ	1
クラスメイト女子Ｂ	班上的女生Ｂ	班上的女生Ｂ	1
クラスメイト男子Ａ	班上的男生Ａ	班上的男生Ａ	1
クラスメイト男子Ｂ	班上的男生Ｂ	班上的男生Ｂ	1
クリスチャン			1
クリスマス魔獣			1
クリチャーチ	咆哮兽	咆哮獸	1
クリームヒルト（モカ）			1
クリームヒルト（令嬢）			1
クレオパトラの遠い声			1
クロエ？	克洛伊？	克洛伊？	1
ケルト代表			1
ケルト兵士	凯尔特士兵	凱爾特士兵	1
ケルト戦士	凯尔特战士	凱爾特戰士	1
ゲオルグ・ジョージウス鑑識官			1
ゲロリアン			1
コエンちゃん			1
ゴルドルフ（通信）			1
ゴーレム	魔偶	魔偶	1
サメェイン			1
サメ兵士たち	鲨鱼士兵们	鯊魚士兵們	1
サメ兵士ＡＢ			1
サメ兵士Ｃ			1
サメ兵士ＣＤ			1
サメ兵士Ｄ			1
サン？			1
サークルのみなさん			1
サーメヴァル			1
シャルロット・コルデー（キャスター）			1
シャルロット・コルデー（隅っこ）			1
シロウ			1
ジャックとリリィ	杰克和Lily	傑克和Lily	1
ジャック・ザ・リッパーズ			1
ジャック（アスクレピオス）			1
ジャック（アスクレピオス？）			1
ジャック（？）	杰克（？）	傑克（？）	1
ジャンヌ・オルタ・サンタ・リリィ（適応した）			1
ジャンヌ・オルタ（姉気を察知）			1
ジャンヌ・オルタ（計算中）			1
ジル・ド・レェ？	吉尔·德·雷？	吉爾．德．萊斯？	1
ジークフリート（鑑賞経験あり）			1
スカディ			1
スター	スター		1
スターアロー			1
スターソード			1
スフィンクスＡ			1
スフィンクスＢ			1
スフィンクスＣ			1
スペースモッヒーＣ			1
スペース神陰流門下生			1
スルーズ（しっかりもの）			1
スーパーメカノッブマークⅡ			1
セミラミス（工事長）			1
セミラミス？	塞弥拉弥斯？	塞彌拉彌斯？	1
セミラミス？？	塞弥拉弥斯？？	塞彌拉彌斯？？	1
セレブＣ	名流Ｃ	名流Ｃ	1
ソウスケと？			1
タオルを持ったお兄さん			1
ダイゾー・オカ			1
ダブル沖田			1
ダンテ（想像）	但丁（想像）		1
ダ・ヴィンチの声	达·芬奇的声音	達．文西的聲音	1
ダーツの的	飞镖靶子	飛鏢靶子	1
ダーティオカダ			1
チョコ畑のモース	巧克力田的摩耳斯	巧克力田的莫斯	1
チョコ聖杯くん			1
チンピラたち	小混混们	小混混們	1
テオブローマン×３			1
テスカトリポカ（いる）			1
デイノニクス11兄弟たち	恐爪龙十一兄弟们	恐爪龍十一兄弟們	1
デイノニクス11兄弟・五男	恐爪龙十一兄弟·老五	恐爪龍十一兄弟．老五	1
デッドローン・イゾー			1
デュマの声			1
デーモン	恶魔	惡魔	1
トリスタン（安らかに死んでいた）			1
トリスタン（解説）			1
ドッジボールマシーン２号			1
ドライノッブ４ＷＤ			1
ドラゴン	龙	龍……？	1
ド・ギッシュ			1
ナイチンゲール・サンタ（アーチャー）			1
ナレーション（エリザベート）			1
ナーサリー	童谣	童謠	1
ネモ・スルーズ			1
ネモ・マスター			1
ネモ・マリーン（操縦補佐）	尼莫水兵（驾驶助理）	尼莫水兵（駕駛助理）	1
ネモ・マリーンＡ群	尼莫水兵A群	尼莫水兵A群	1
ネモ・マリーンＢ群	尼莫水兵B群	尼莫水兵B群	1
ネモ・マリーンＥ			1
ネモ全員			1
ネモ？たち	尼莫	尼莫	1
ネモ？Ａ	尼莫？B	尼莫？B	1
ネモ？Ｂ	尼莫？C	尼莫？C	1
ネモ？Ｃ	尼莫？D	尼莫？D	1
ネモ？Ｅ	穆尼尔	穆尼爾	1
ネモｓ	尼莫s	尼莫s	1
ノブ戦車			1
ハサン一同			1
ハシブトウミガラス			1
ハシブトウミガラスの群れ			1
ハヤ・ラア	哈雅·拉阿		1
パッションリップ（起きた）			1
パリピ妖精	跑趴妖精	派對咖妖精	1
パーシヴァル？	珀西瓦尔？	帕西瓦爾？	1
パーティメンバー			1
パールヴァティ			1
パールヴァティーたち	帕尔瓦蒂们	帕爾瓦蒂們	1
パールヴァティー（幻聴？）			1
ヒポグリフ			1
ヒルド（はたらきもの）			1
ピエールＡ～Ｇ			1
ピックマン夫人《食屍鬼》	皮克曼夫人《食尸鬼》	皮克曼夫人《食屍鬼》	1
ピットマスター・パティ			1
ピュグマリオン式迎撃兵装	皮格马利翁式迎击兵装	畢馬龍式迎擊兵裝	1
ファントム？	魅影？	魅影？	1
ファン一同			1
フォウくんの幻影			1
フォウ（幻覚）			1
フォウ（特別解説）			1
フランソワ・プレラーティ	弗朗索瓦·普勒拉蒂		1
フランソワ？			1
フランチェスカ・プレラーティ	弗兰切斯卡·普勒拉蒂		1
ブケファラス	布西发拉斯	布西發拉斯	1
ブリスケット・ボーイ			1
ブリッジメンバーズ			1
プティエール	プティエール		1
プルート	普路托。		1
プレシオサウルスくん？			1
ヘシアン（マント着脱自在）			1
ヘラクレス・9Ｌ			1
ヘラクレス？	赫拉克勒斯？	赫拉克勒斯？	1
ベイブ・ザ・ブルーオックス			1
ホイッスルを咥えたお姉さん			1
ホッキョクグマ（子）			1
ホッキョクグマ（親）			1
ホッキョクグマＡ			1
ホッキョクグマＢ			1
ホテルの客？			1
ボイジャー（イアソン？）			1
ボイジャー（バナナ）			1
ボディガード			1
マガツボンバノブノカミ			1
マガツマシュノカミ			1
マシュもどき			1
マシュ・Dr.ロマン			1
マシュ・キリエライト	玛修·基列莱特	瑪修・基利艾拉特	1
マシュ（バニラ）			1
マシュ（鑑賞経験あり）			1
マシンボア			1
マルタｓ			1
マンドリカルド（ボンクラＤ）			1
マンドリカルド（聞いてたが困る）			1
マンドリカルド？	曼迪卡尔多？	曼迪卡爾多？	1
マンボちゃん			1
ミゲル・アンヘル・コルテス			1
ミスター・Ｍ			1
ムーン・アーチャーⅠ	月球弓兵Ⅰ	月球ArcherⅠ	1
ムーン・ドバイ市民たち	月球迪拜市民们	月球杜拜市民們	1
メアリー？	玛莉？	瑪莉？	1
メタトロン・ジャンヌ（怠惰）	梅塔特隆·贞德（怠惰）		1
メッセージ			1
メドゥーサ（ランサー）			1
メドゥーサ？	美杜莎？	美杜莎？	1
モブ男	龙套男	龍套男	1
モブ男たち	龙套男们	龍套男們	1
モブＤ？			1
モブＥ？			1
モブＧ？			1
モードレッドの声	莫德雷德的声音	莫德雷德的聲音	1
モードレッド（ヤケッパチ）			1
モードレッド（殺気を察知）			1
ライダー？	Rider？	Rider？	1
ライヘンバッハのルーラー			1
ラニ＝Ｇ	拉妮－Ｇ	拉妮＝Ｇ	1
ラニ＝Ｒたち	拉妮－Ｒ们	拉妮＝Ｒ們	1
ラフムＡ	拉赫穆A	拉赫穆A	1
ラフムＢ	拉赫穆B	拉赫穆B	1
ラフムＣ	拉赫穆C	拉赫穆C	1
ラフライダー	莽骑兵	突擊Rider	1
ランスロット（夢見てた）			1
リキュールオカダ			1
リトルマグナム孫一			1
リベンジを誓う声	誓要复仇的声音	誓要復仇的聲音	1
リボルビングオカダ			1
リュウ・タン			1
レジスタンス男Ｆ	反抗者男性F	反抗者男性F	1
ロクサーヌ			1
ロクサーヌ（声：楊貴妃）			1
ロケットランチャーをいじるディノスＡ	摆弄火箭弹发射器的迪诺斯A	擺弄火箭彈發射器的迪諾斯A	1
ロジェロ			1
ロビンフッド（アタランテ）			1
ロビンフッド（アタランテ？）			1
ワニ兵士Ａ			1
ワニ兵士Ｂ			1
ワニ兵士Ｃ			1
ワンジナ（ストロベリー）			1
ヴリトラ（普通に帰ってきた）			1
一夜の幻			1
一般人斬りマン			1
一般兵達			1
一般参加予定者			1
一般参加者Ａ			1
一般参加者Ｂ			1
一般参加者Ｃ			1
一般参加者Ｄ			1
一般参加者Ｆ			1
一般参加者Ｇ			1
三師匠			1
三蔵の愛馬・白竜			1
上からの声	上面传来的声音	上面傳來的聲音	1
上級ウィッシュメンＡ			1
上級ウィッシュメンＢ			1
不明の亡霊			1
不運な者たち			1
両親			1
両雄	双雄	雙雄	1
主任？			1
予告状			1
予言の子？	预言之子？	預言之子？	1
二人の神祖	两位神祖	兩位神祖	1
二度燃えるイアソンくん			1
二機			1
亡者	亡者	亡者	1
人々の歓声			1
人間の大工	人类木工	人類木工	1
人間の衛士たち	人类卫士们	人類衛士們	1
人間族の長			1
今川義元（右）			1
今川義元（左）			1
今魔川獣			1
今魔川鉄砲隊			1
介錯人			1
仔犬たち			1
他の者たち			1
仮想ジャンヌ	想象贞德		1
仮面を被った大きいほう			1
会場のみんな			1
低血圧くノ一	低血压女忍者	低血壓女忍者	1
住民			1
佐々木と呼ばれた男			1
作られるべきではなかった	不该被制作出来的	不該被製作出來的	1
使い魔たち			1
保護者組			1
信者たち			1
候補者たち	候选人们	候選人們	1
入り口からの声	入口处传来的声音	入口處傳來的聲音	1
八房	八房		1
六房			1
兵士A	士兵A	士兵A	1
兵士B	士兵B	士兵B	1
円卓ども			1
冥界の番人	冥界的守卫	冥界的守衛	1
冥界の門			1
刑吏	刑吏	刑吏	1
刑部姫（スイミング目線）			1
刑部姫（聞いてない）			1
利休			1
制圧者達			1
剣士と戦士	剑士与战士	劍士與戰士	1
勇士二人			1
勝支配人			1
勤王志士			1
北斎の門人			1
北条ベディヴィエールグリーン			1
北条ランスロットパープル			1
千歳市民の子供たち			1
原住ノブ選組			1
反乱軍の兵士Ｂ	反叛军士兵B	反叛軍士兵B	1
受付を背負った雀			1
右から左へ抜けている紫式部	左耳进右耳出的紫式部	左耳進右耳出的紫式部	1
呪腕のハサン？	咒腕哈桑？	咒腕的哈桑？	1
呼延灼（※気付いてない）			1
商人たち	商人们	商人們	1
商人の男			1
地獄の小鬼	地狱的小鬼		1
埴輪たち			1
夏延灼			1
外からの声Ａ			1
外国人Ｂ			1
大使たち	大使们	大使們	1
大剣を背負った雀			1
大奥女中			1
大弓を背負った雀			1
大観衆			1
大陸の虎	大陆之虎	大陸之虎	1
太公望（知り合い）			1
太刀を携えた女	身配太刀之女	身配太刀之女	1
太歳星君（チョコ）			1
太陽の女神	太陽の女神		1
奪衣婆（イメージ）			1
女子生徒たち	女学生们	女學生們	1
女性客Ｃ			1
女性客Ｅ			1
女性客Ｆ			1
女Ｂ	女性B	女性B	1
女Ｃ	女性C	女性C	1
女Ｄ	女性Ｄ	女性Ｄ	1
奴隷達			1
奴隷Ａ			1
奴隷Ｂ			1
奴隷Ｃ			1
妖精たちと騒ぐワグ	妖精们与激动的瓦格	妖精們與激動的瓦格	1
妖精たちの声	妖精们的声音	妖精們的聲音	1
妖艶な少女			1
子供たち？	孩子们？	孩子們？	1
子供の声	孩子的声音	孩子的聲音	1
子供Ｃ			1
孔明	孔明		1
客（近所の侵略的外来魚）			1
客（近所の漁師）			1
客ＡtoＺ			1
宮本伊織（未体験者）			1
密偵	密探	密探	1
寝ちゃった女の子			1
小人たち			1
少女？	少女？	少女？	1
少年の影	少年的影子	少年的影子	1
少年少女	少年少女	少年少女	1
少年時代のパーシヴァル	少年时代的珀西瓦尔	少年時代的帕西瓦爾	1
就職希望者			1
尾張ノッブスターズメンバー			1
屈強なムーン・ドバイ市民たち	强壮的月球迪拜市民们	強壯的月球杜拜市民們	1
屋台の店主			1
屠るヤシガニ			1
岡田以蔵の声	冈田以藏的声音	岡田以藏的聲音	1
岡田以蔵（寝た）			1
岡田以蔵？	冈田以藏？	岡田以藏？	1
島			1
嵐の凶つ神			1
巨人族の長			1
巨人種			1
巨像たち	巨像们	巨像們	1
巨大な怪物			1
巨大な狼ＷｉｔｈＨ			1
巨大怪異			1
巨大魔猪			1
巴御前（運営）			1
市民達	市民们	市民們	1
市民１			1
市民２			1
市民Ｅ			1
市民Ｆ			1
常連客の船乗り			1
帽子の男	戴帽子的男人	戴帽子的男人	1
幸運Ａ			1
幸運Ｄ			1
幸運Ｅ			1
幼なじみっぽいディノス	青梅竹马感的迪诺斯	青梅竹馬感的迪諾斯	1
店員の声			1
店頭モニターからの声			1
弓兵			1
影の如き女	如影之女	如影之女	1
徐福の声	方巿的声音	徐福的聲音	1
徐福（無視）			1
御者	车夫	車夫	1
徴弐（夢中）			1
怪しい埴輪			1
怪我した男	受伤的男人	受傷的男人	1
怪我人			1
怪物？	怪物？	怪物？	1
恐るべき神			1
悪い			1
悪霊	恶灵	惡靈	1
悪魔オリオン			1
愉快なキャスター			1
戦神二柱	戦神二柱		1
戻ったら既にいた蒼崎青子			1
技巧派カンガルー			1
折田さん？	折田同学？	折田同學？	1
挑発的な少女			1
捕食竜			1
敵兵			1
敵海賊	敌方海盗	敵方海盜	1
明るい声			1
最前列にいるヴリトラ			1
最前列にいる子供たち			1
最後尾の男			1
月笑騎士団・過激派たち	月笑骑士团·激进派们	月笑騎士團．激進派們	1
本能寺物産家臣			1
本音			1
李書文（カストロ？）			1
李書文（ポルクス？）			1
村の子供	村里的孩子	村裡的孩子	1
村の子供たち	村里的孩子们	村裡的孩子們	1
杖をついた少年	拄着拐杖的少年	拄著拐杖的少年	1
柳生但馬守（バニラとストロベリーＷ）			1
査定待ち一同			1
桂テスラ			1
構築部ＡＩ（ラニ＝Ｂ）	构筑部ＡＩ（拉妮－Ｂ）	構築部ＡＩ（拉妮＝Ｂ）	1
橋の途中でうずくまった子供	蹲在桥上的孩子	蹲在橋上的孩子	1
機械人形			1
機械化兵団・親衛隊	机械化军团·亲卫队	機械化軍團．親衛隊	1
歌人			1
歌舞伎動戦士ザンザブロー			1
歓喜するディノスたち	欣喜若狂的迪诺斯们	欣喜若狂的迪諾斯們	1
武則天（呑気）			1
武田兵			1
武田騎馬隊			1
武者	武者	武者	1
殺戮猟兵	杀戮猎兵	殺戮獵兵	1
氏族の兵士たち	氏族的士兵们	氏族的士兵們	1
民衆			1
気味の悪い何か	某种诡异的存在	某種詭異的存在	1
水夫Ａ	水手A	水手A	1
水夫Ｂ	水手B	水手B	1
水怪たち			1
水着新選組海賊アン			1
水着新選組隊士たち			1
水着新選組隊長 沖田総司			1
氷の魚			1
沖田ちゃん			1
海賊スタッフ	海盗工作人员	海盜工作人員	1
海賊達	海盗们	海盜們	1
淋しそうだったディノス	刚才还很落寞的迪诺斯	剛才還很落寞的迪諾斯	1
淋しそうなディノス	落寞的迪诺斯	落寞的迪諾斯	1
深淵の聖母			1
清姫（伏兵）	清姬（伏兵）	清姬（伏兵）	1
清少納言（ボンクラＡ）			1
清少納言（聞いてない）			1
湯煙のパパ			1
源頼光の声	源赖光的声音	源賴光的聲音	1
漂流者	漂流者	漂流者	1
無名の人間たち	无名的人们	無名的人們	1
熱くなった客			1
燕青（代表代理）			1
父らしき男			1
牛若？	牛若？	牛若？	1
独裁官と劇作家			1
猫	猫	貓	1
獅子（と紳士）			1
獣たち	兽群	獸群	1
獣人店員			1
玉座の衛士	玉座的卫士	玉座的衛士	1
王の愛馬ドゥン・スタリオン			1
王の愛馬ラムレイ			1
生徒たち	学生们	學生們	1
甲斐の兵たち			1
男性客			1
男達	男人们	男人們	1
男Ｃ			1
男Ｄ			1
町同心			1
画面端の怪紳士	画面角落的怪绅士	畫面角落的怪紳士	1
病人			1
白虎？			1
皇帝	皇帝	皇帝	1
盗賊ｓ			1
監視機械Ｂ	监视机械Ｂ	監視機械Ｂ	1
監視機械Ｃ	监视机械Ｃ	監視機械Ｃ	1
監視機械Ｄ	监视机械Ｄ	監視機械Ｄ	1
目が覚めた女の子			1
盾槍を背負った雀			1
知らない女の子？			1
研究員Ｃ	研究员C	研究員C	1
神兵たち	神兵们	神兵們	1
神父服の男	身穿神父服的男人	身穿神父服的男人	1
祭壇にひとり立たされているニトクリス	被拥上祭坛独自站着的尼托克丽丝	被擁上祭壇獨自站著的尼托克里絲	1
秘書官	秘书官	秘書官	1
移送部ＡＩ	转运部ＡＩ	轉運部ＡＩ	1
突然の清姫	突然出现的清姬	突然出現的清姬	1
立て札	告示牌		1
立て看板			1
競馬ゲームの実況音声			1
精悍な青年の声	精悍青年的声音	精悍青年的聲音	1
紫式部（何も知らない香子さん）			1
紫式部（沈痛）			1
紳士と獅子とマシュ			1
紳士合体プリズマ☆ジェントル	绅士合体魔法☆绅士	紳士合體魔法☆紳士	1
紳士（と獅子）			1
結婚相手			1
絵描き海賊	画师海盗	畫師海盜	1
維新博士・李書文			1
縛られたモルガン兵	被绑起来的摩根士兵	被綁起來的摩根軍士兵	1
織田信長・ネロ			1
罪兵士たち	罪兵们		1
羊たち			1
羽織姿の男			1
老ジャイルズ《食屍鬼》	老吉尔斯《食尸鬼》	老吉爾斯《食屍鬼》	1
背中にコブのある動物			1
胤舜（知らない）			1
胴元			1
自由を選んだＡＩたち	选择了自由的ＡＩ们	選擇了自由的ＡＩ們	1
舎人の精鋭たち	近侍的精锐们	近侍的精銳們	1
良い子たち			1
艶やかな少女	娇艳的少女	嬌豔的少女	1
花魁付きの禿？	陪伴花魁的禿童？	陪伴花魁的禿童？	1
若い牙の氏族Ａ	年轻的牙之氏族A	年輕的牙之氏族A	1
若い牙の氏族Ｂ	年轻的牙之氏族B	年輕的牙之氏族B	1
若旦那？			1
荒くれ者			1
葛飾北斎（代表代理）			1
蒼崎青子以外			1
蘭丸Ｘみたいな蘭丸			1
蘭丸Ｘみたいな蘭丸みたいな何か			1
蘭陵王（沈痛）			1
虞美人×２			1
虞美人（かなぁ）			1
虞美人（きっとそうだ）			1
虞美人（こちらもおかしい）			1
虞美人（たぶん）			1
虞美人（だと思うのだけど）			1
虞美人（何かおかしい）			1
虞美人（遊んでいる）			1
虞美人（？）			1
蠱惑的な少年			1
血まみれの騎士			1
衆合地獄	众合地狱	眾合地獄	1
見張りの妖精たち	看守的妖精们	看守的妖精們	1
見張り役水夫	望风的水手	望風的水手	1
見物していた観光客Ａ			1
見物していた観光客Ｂ			1
見覚えのある店員			1
親子？			1
親族Ｃ			1
親衛隊キレーちゃん			1
訓練中の兵士	训练中的士兵	訓練中的士兵	1
証言者Ｄ	证人D	證人D	1
話を聞かない客			1
該当者			1
誇りに満ちた声	充满骄傲的声音	充滿驕傲的聲音	1
誰かの声			1
謎のヒロインＸ			1
謎の兵士たち	谜之士兵们	謎之士兵們	1
謎の怪異			1
謎の怪盗			1
謎の教授			1
謎の象	神秘的大象	神秘的大象	1
謎の鎧			1
警備員ＡＢ			1
警官たち	警官们	警官們	1
警官Ａ	警官A	警官A	1
警官Ｂ	警官B	警官B	1
護衛のオセロトル	奥塞洛特尔护卫	奧塞洛特爾護衛	1
護衛スタッフＢ			1
豪腕派カンガルー			1
貧乏くじのふたり	抽中下下签的两人	抽中下下籤的兩人	1
貴族	贵族	貴族	1
買ったばかりの人形			1
超合金			1
転売ヤー			1
農夫Ａ、農婦Ａ、少年	农夫A、农妇A、少年	農夫A、農婦A、少年	1
迅速のマクール	迅速之马库尔	百貌的哈桑	1
近付いてくるアーユスの声	逐渐接近的阿愈丝的声音	逐漸接近的阿愈絲的聲音	1
逃げ惑うサークル参加者Ａ			1
逃げ惑うサークル参加者Ｂ			1
逃げ惑うサークル参加者Ｃ			1
通りすがりのギャンブラー			1
通りすがりの人間			1
通信機			1
邪馬台国の亡霊			1
配信視聴中の観客Ａ			1
配信視聴中の観客Ｂ			1
酒呑？			1
重なり合った囁き声			1
重装神剣組隊士			1
量産型コロンブス×３			1
量産型コロンブスたち			1
量産型ダーオカ			1
銀河冒険野郎たち			1
銀騎士	银骑士	銀騎士	1
銃器をいじるディノスＢ	摆弄枪械的迪诺斯B	擺弄槍械的迪諾斯B	1
鍋のハサン			1
闘士ディノス	斗士迪诺斯	鬥士迪諾斯	1
陽炎太夫？	阳炎太夫？	陽炎太夫？	1
雀（初江）			1
雀（平等）			1
雀（泰山）			1
雀（都市）			1
集まっているディノスたち	齐聚一堂的迪诺斯们	齊聚一堂的迪諾斯們	1
集まっている動物たち			1
集落の大人			1
露天商Ａ			1
露天商Ｂ			1
露天商Ｃ			1
静かな亀			1
靴屋の妖精	鞋匠妖精	鞋匠妖精	1
音響アシスタント			1
頼光の愛馬・京極			1
颯爽登場	飒爽登场	颯爽登場	1
食屍鬼	食尸鬼	食屍鬼	1
騎士たちの話	骑士们的对话	騎士們的對話	1
騎士Ｂ	骑士B	騎士B	1
高千穂の白き大蛇			1
髭黒（天使）			1
髭黒（悪魔）			1
鬼と髭			1
魔人アーチャー？			1
魔人チェーンソーガール			1
魔像	魔像	魔像	1
魔性の獣			1
魔本	魔书	魔書	1
魔物の影	魔物之影	魔物之影	1
魔物達	魔物们	魔物們	1
魔猿たち			1
魔獣アワリティア			1
魔獣バルバトス			1
魔王軍武者			1
魔術師たち	魔术师们	魔術師們	1
魔セイバー	魔剑士	魔Saber	1
魚？	鱼？	魚？	1
鶏			1
麻婆豆腐			1
黄飛虎（知り合い）			1
黒いなにか	某种黑色的存在	某種黑色的存在	1
黒い獣人達			1
黒服	侍者	黑服侍者	1
黒縄地獄	黑绳地狱	黑繩地獄	1
黒鍵で縫い止められたカード			1
黒髭と眼鏡			1
黒髭（ボンクラＢ）			1
黒髭（二等水兵）			1
黒髭（元船長）			1
黒髭（巻き込まれ事故）			1
黒髭（後方作者面）			1
黒髭（恥ずかしくて振り返らない）			1
黒髭（正座中）			1
黒髭（２１０ｃｍ）			1
５人			1
？？？たち	？？？们	？？？們	1
Ｄ	Ｄ		1
ＳＯＳ号			1
Ｖ・ＶＲ・ＴＯＭＯＥ			1
Ｘ（凍結中）	X（冻结中）	X（凍結中）	1
